id,curbsidePickup,delivery,dineIn,liveMusic,parkingOptions,paymentOptions,outdoorSeating,reservable,restroom,servesBeer,servesBreakfast,servesBrunch,servesCocktails,servesCoffee,servesDessert,servesDinner,servesLunch,servesVegetarianFood,servesWine,takeout,accessibilityOptions,allowsDogs,goodForChildren,goodForGroups,goodForWatchingSports,menuForChildren
ChIJo5EYOK_4mUcRi4shjNiEDUc,False,False,True,True,,"{'acceptsDebitCards': True, 'acceptsCashOnly': False, 'acceptsNfc': True}",True,True,True,True,False,False,True,True,False,False,False,False,True,False,"{'wheelchairAccessibleParking': True, 'wheelchairAccessibleEntrance': True, 'wheelchairAccessibleSeating': True}",True,False,True,True,False
ChIJ_VfiMxj6mUcRRK_QBdxww7g,,False,True,False,"{'freeParkingLot': True, 'freeStreetParking': True}","{'acceptsCreditCards': False, 'acceptsDebitCards': False, 'acceptsCashOnly': True, 'acceptsNfc': False}",True,True,True,True,False,False,False,True,True,True,,True,True,True,"{'wheelchairAccessibleParking': True, 'wheelchairAccessibleEntrance': True, 'wheelchairAccessibleSeating': True}",True,True,True,False,True
ChIJ_VWb4xn6mUcRH4NujtHMKJI,,False,True,False,"{'freeParkingLot': True, 'freeStreetParking': True}",{'acceptsCashOnly': False},True,,True,,True,,False,True,True,False,,,False,True,"{'wheelchairAccessibleParking': True, 'wheelchairAccessibleEntrance': True, 'wheelchairAccessibleRestroom': True, 'wheelchairAccessibleSeating': True}",,True,True,False,False
ChIJT4FlA7zwmUcRcrmR1JIlwm8,,,True,False,"{'freeParkingLot': True, 'freeStreetParking': True}",,,False,True,False,,False,,True,,True,True,True,,True,"{'wheelchairAccessibleParking': True, 'wheelchairAccessibleEntrance': True, 'wheelchairAccessibleSeating': True}",,True,True,,False
ChIJ5dhz-EXxmUcRuZTn4wsBpQs,True,False,True,False,"{'freeParkingLot': True, 'freeStreetParking': True}","{'acceptsDebitCards': True, 'acceptsCashOnly': False, 'acceptsNfc': True}",True,True,True,True,,False,,True,True,True,True,,True,True,"{'wheelchairAccessibleParking': True, 'wheelchairAccessibleEntrance': True, 'wheelchairAccessibleSeating': True}",,True,True,False,True
ChIJnVLW97vwmUcRkHx9e10WkyE,,,True,,,,,,,,,,,,,,,,,,,,,,,
ChIJ3bJ1WPDxmUcRBC55YV0woIA,False,False,True,False,,"{'acceptsCreditCards': False, 'acceptsDebitCards': False, 'acceptsCashOnly': True, 'acceptsNfc': False}",,True,True,True,False,False,True,True,False,False,False,False,True,True,"{'wheelchairAccessibleParking': True, 'wheelchairAccessibleEntrance': True, 'wheelchairAccessibleRestroom': False, 'wheelchairAccessibleSeating': True}",True,True,True,False,False
ChIJ3xCcNgDxmUcRtLLUkaG5wY8,True,True,False,,,,,,,,,,,,,,,,,True,,,,,,
ChIJyfOQ32r6mUcRlmkEAh1apbs,,,True,False,"{'freeParkingLot': True, 'freeStreetParking': True}",{'acceptsCashOnly': True},True,True,True,True,False,False,False,True,True,True,True,False,True,True,"{'wheelchairAccessibleParking': True, 'wheelchairAccessibleEntrance': True, 'wheelchairAccessibleSeating': True}",True,True,True,False,True
ChIJKTNtZZjwmUcRtKWjb8U2YqI,,False,True,False,"{'freeParkingLot': True, 'freeStreetParking': True}",,True,True,True,True,False,False,False,True,True,True,True,False,True,True,"{'wheelchairAccessibleEntrance': False, 'wheelchairAccessibleSeating': False}",True,True,True,False,True
ChIJ21ldIJXwmUcRqVJwdqcHroA,,False,True,,"{'freeParkingLot': True, 'freeStreetParking': True}","{'acceptsDebitCards': True, 'acceptsCashOnly': False, 'acceptsNfc': True}",,,,,True,,,True,,,,,,True,"{'wheelchairAccessibleParking': True, 'wheelchairAccessibleEntrance': True}",,,,,
ChIJy9BCYNr9mUcRKQBU3lnANgo,,True,True,False,{'freeParkingLot': True},"{'acceptsDebitCards': False, 'acceptsCashOnly': True}",True,True,True,True,True,False,False,True,True,,True,True,True,True,"{'wheelchairAccessibleParking': True, 'wheelchairAccessibleEntrance': True, 'wheelchairAccessibleRestroom': True, 'wheelchairAccessibleSeating': True}",True,True,True,False,True
ChIJeSaF9XD8mUcRDm3he7lkuMA,True,False,True,True,"{'freeParkingLot': True, 'freeStreetParking': True, 'freeGarageParking': False}","{'acceptsCreditCards': True, 'acceptsDebitCards': True, 'acceptsCashOnly': False}",True,True,True,True,False,False,True,True,True,True,True,True,True,True,"{'wheelchairAccessibleParking': True, 'wheelchairAccessibleEntrance': True, 'wheelchairAccessibleRestroom': True, 'wheelchairAccessibleSeating': True}",True,True,True,True,True
ChIJk0bQgJr7mUcR-CKFCw2h2KY,,False,True,False,"{'freeParkingLot': True, 'freeStreetParking': True}",{'acceptsCashOnly': False},True,True,True,True,False,False,False,True,True,True,True,,True,True,"{'wheelchairAccessibleParking': True, 'wheelchairAccessibleEntrance': True, 'wheelchairAccessibleSeating': True}",True,True,True,,True
ChIJN7o495b7mUcRgQbaxkTIkXo,,True,True,False,"{'freeParkingLot': True, 'freeStreetParking': True}","{'acceptsCreditCards': True, 'acceptsCashOnly': False}",True,True,True,True,False,False,False,True,True,True,True,False,True,True,"{'wheelchairAccessibleParking': True, 'wheelchairAccessibleEntrance': True, 'wheelchairAccessibleSeating': True}",True,True,True,False,True
ChIJBctfifbwmUcRrXoViGlewME,True,False,True,True,"{'freeParkingLot': True, 'freeStreetParking': False}","{'acceptsCreditCards': True, 'acceptsDebitCards': True, 'acceptsCashOnly': False, 'acceptsNfc': True}",True,True,True,True,False,False,True,True,True,True,True,True,True,True,"{'wheelchairAccessibleParking': True, 'wheelchairAccessibleEntrance': True, 'wheelchairAccessibleRestroom': True, 'wheelchairAccessibleSeating': True}",True,True,True,True,True
ChIJU3_pY4T7mUcREub8_JVTsJc,,True,True,False,"{'freeParkingLot': True, 'freeStreetParking': True}","{'acceptsCreditCards': True, 'acceptsDebitCards': True, 'acceptsCashOnly': False, 'acceptsNfc': True}",True,True,True,True,True,False,,True,True,True,True,True,True,True,"{'wheelchairAccessibleParking': True, 'wheelchairAccessibleRestroom': True}",True,True,True,False,True
ChIJIbTkHI37mUcRoDRmzFClAN4,True,True,True,False,"{'freeParkingLot': True, 'freeStreetParking': True}","{'acceptsCreditCards': False, 'acceptsDebitCards': False, 'acceptsCashOnly': True, 'acceptsNfc': True}",,True,True,True,,False,False,True,True,True,True,True,True,True,"{'wheelchairAccessibleParking': True, 'wheelchairAccessibleEntrance': True, 'wheelchairAccessibleRestroom': True, 'wheelchairAccessibleSeating': True}",False,True,True,False,True
ChIJG3kcYNz7mUcR5ZdgCEXB3-I,,False,True,,"{'freeParkingLot': True, 'paidParkingLot': False, 'freeStreetParking': False, 'paidStreetParking': False, 'freeGarageParking': True, 'paidGarageParking': False}","{'acceptsDebitCards': True, 'acceptsCashOnly': False, 'acceptsNfc': True}",,,,,True,,,True,,,,,,True,"{'wheelchairAccessibleParking': True, 'wheelchairAccessibleRestroom': False, 'wheelchairAccessibleSeating': True}",,,,,
ChIJ9e2hy3X7mUcRAJJ8PtNdcAQ,,False,True,False,{'freeParkingLot': True},"{'acceptsDebitCards': True, 'acceptsCashOnly': False, 'acceptsNfc': True}",True,False,True,,,False,,True,False,True,True,False,,True,"{'wheelchairAccessibleParking': True, 'wheelchairAccessibleEntrance': True, 'wheelchairAccessibleSeating': True}",,True,True,False,
ChIJhxRbsgv7mUcRMjO-1R7lUtk,,False,True,False,"{'freeParkingLot': True, 'freeStreetParking': True}","{'acceptsCreditCards': True, 'acceptsDebitCards': True, 'acceptsCashOnly': False, 'acceptsNfc': True}",,True,True,True,False,False,,True,True,True,True,,True,True,"{'wheelchairAccessibleEntrance': False, 'wheelchairAccessibleSeating': False}",,True,True,False,True
ChIJd8nlXKr7mUcRO6iJzDp3sUQ,,False,True,False,"{'freeParkingLot': True, 'freeStreetParking': True}","{'acceptsCreditCards': True, 'acceptsDebitCards': True, 'acceptsCashOnly': False, 'acceptsNfc': True}",True,True,True,True,False,,,True,True,True,True,False,True,True,"{'wheelchairAccessibleParking': True, 'wheelchairAccessibleEntrance': True, 'wheelchairAccessibleRestroom': True, 'wheelchairAccessibleSeating': True}",True,True,True,False,True
ChIJZxx-Kln6mUcROzIKQaLPWq4,,False,True,False,"{'freeParkingLot': True, 'freeStreetParking': True}","{'acceptsCreditCards': True, 'acceptsCashOnly': False}",True,True,True,True,,,True,True,True,True,True,,True,,"{'wheelchairAccessibleParking': True, 'wheelchairAccessibleEntrance': True, 'wheelchairAccessibleRestroom': True, 'wheelchairAccessibleSeating': True}",True,True,True,False,
ChIJEbY0PWfwmUcRX3ULHIUZ0S0,,False,True,False,"{'freeParkingLot': True, 'freeStreetParking': True}","{'acceptsCreditCards': True, 'acceptsDebitCards': True, 'acceptsCashOnly': False, 'acceptsNfc': True}",True,True,True,True,True,,True,True,True,True,True,True,True,True,"{'wheelchairAccessibleParking': True, 'wheelchairAccessibleEntrance': True, 'wheelchairAccessibleRestroom': False, 'wheelchairAccessibleSeating': True}",True,True,True,False,True
ChIJ4VPJNj3xmUcR74Qh7Q0iz_k,,False,True,,{'freeParkingLot': True},,True,,True,True,,,,True,,,,,True,,"{'wheelchairAccessibleParking': True, 'wheelchairAccessibleSeating': True}",True,True,True,,
ChIJARhATH37mUcRyRmMLZdZkKw,,,True,False,"{'freeParkingLot': True, 'freeStreetParking': True}",{'acceptsCashOnly': True},True,True,True,True,False,False,,True,True,True,,False,True,True,"{'wheelchairAccessibleParking': True, 'wheelchairAccessibleEntrance': True, 'wheelchairAccessibleSeating': True}",,True,True,,True
ChIJnQwYNXf7mUcRQiKytCB8Vn0,,,,,,,,,,,,,,,,,,,,,,,,,,
ChIJ66taiuz6mUcRFSLyQ1zeZug,,True,True,False,"{'freeParkingLot': True, 'freeStreetParking': True}","{'acceptsDebitCards': True, 'acceptsCashOnly': False, 'acceptsNfc': True}",True,True,True,True,False,False,,True,True,True,True,False,True,True,"{'wheelchairAccessibleParking': True, 'wheelchairAccessibleEntrance': True, 'wheelchairAccessibleRestroom': True, 'wheelchairAccessibleSeating': True}",True,True,True,True,True
ChIJJefnUwD7mUcRw8RE8WokBsc,,,True,,,,True,,True,True,,,,,,,,,,,,,,,,
ChIJocMuqXPwmUcR_FQG4_XZKr8,,,,,,"{'acceptsCreditCards': True, 'acceptsCashOnly': False}",,,,,,,,,,,,,,,{'wheelchairAccessibleParking': True},,True,,,
ChIJTR3JWCjxmUcRbt_RBaruRfk,,False,True,False,"{'freeParkingLot': True, 'freeStreetParking': True}","{'acceptsCreditCards': True, 'acceptsDebitCards': True, 'acceptsCashOnly': False, 'acceptsNfc': True}",True,True,True,True,,False,,True,True,True,True,True,True,True,"{'wheelchairAccessibleParking': True, 'wheelchairAccessibleEntrance': True, 'wheelchairAccessibleSeating': True}",True,True,True,False,True
ChIJA_PuHnPwmUcRvwRYy8yGfdg,,False,True,,"{'freeParkingLot': True, 'freeStreetParking': True}",{'acceptsCashOnly': False},,,,,True,,,True,,,,,,True,"{'wheelchairAccessibleParking': True, 'wheelchairAccessibleEntrance': True}",,,,,
ChIJA_PuHnPwmUcRjsZYfTvJ-ZQ,,,,,,{'acceptsCashOnly': False},,,,,,,,,,,,,,,"{'wheelchairAccessibleParking': True, 'wheelchairAccessibleEntrance': True}",,True,,,
ChIJ408GZzjwmUcRiwbNgTXYfMc,,False,True,False,"{'freeParkingLot': True, 'freeStreetParking': True}","{'acceptsCreditCards': True, 'acceptsDebitCards': True, 'acceptsCashOnly': False, 'acceptsNfc': True}",True,True,True,True,False,False,True,True,True,True,True,True,True,True,"{'wheelchairAccessibleParking': True, 'wheelchairAccessibleEntrance': True, 'wheelchairAccessibleRestroom': True, 'wheelchairAccessibleSeating': True}",True,True,True,False,True
ChIJR_Kkbuv8mUcRIxl8cm8Sjig,,False,True,False,,,,,True,False,,False,False,True,,True,,,True,,{'wheelchairAccessibleParking': True},True,True,True,False,False
ChIJY4I8Je38mUcR-0CAwesMdWk,,False,,,,"{'acceptsCreditCards': True, 'acceptsCashOnly': False}",,,,,,,,,,,,,,,"{'wheelchairAccessibleParking': True, 'wheelchairAccessibleEntrance': True}",,True,,,
ChIJQS69Gk_7mUcRKNZFcYeFOnI,True,True,True,False,{'freeParkingLot': True},"{'acceptsCreditCards': False, 'acceptsDebitCards': False, 'acceptsCashOnly': True, 'acceptsNfc': False}",True,,True,,,,,,,True,True,,,True,,,True,True,,
ChIJNaEqSGT7mUcRu73mZS05U6g,,False,True,False,{'freeParkingLot': True},"{'acceptsCreditCards': True, 'acceptsCashOnly': False}",True,True,True,True,False,True,True,True,True,True,True,True,True,True,"{'wheelchairAccessibleParking': True, 'wheelchairAccessibleSeating': True}",True,True,True,False,True
ChIJr_n1fgH7mUcRhdWN8PqFpow,,False,True,False,{'freeParkingLot': True},"{'acceptsDebitCards': True, 'acceptsCashOnly': False, 'acceptsNfc': True}",,,True,,True,,,True,True,,True,,,,{'wheelchairAccessibleParking': True},,False,True,,False
ChIJD8qT8qX7mUcRNPwWmhNddgA,True,True,True,,,,,,,,,,,,,,,,,True,,,,,,
ChIJf67tt936mUcRgzFJHEdI4y0,,,True,False,{'freeParkingLot': True},{'acceptsCashOnly': True},,False,,,False,False,,,False,True,True,False,False,True,"{'wheelchairAccessibleEntrance': False, 'wheelchairAccessibleSeating': False}",,True,True,,False
ChIJF2Wg93H7mUcRfK_KN-0yTRI,True,,True,False,{'paidStreetParking': True},"{'acceptsCreditCards': True, 'acceptsDebitCards': True, 'acceptsCashOnly': False}",True,True,True,True,,,True,True,True,True,True,True,True,True,,True,True,True,False,False
ChIJwynSXrr6mUcRJDnNNZkD1UU,True,True,True,False,,,True,True,True,True,False,False,False,,True,True,True,True,,True,{'wheelchairAccessibleSeating': True},,True,True,False,False
ChIJ7azpnTnwmUcRVWTjwZxS2cI,,False,True,False,,,,,,True,,,,True,,,,,,,{'wheelchairAccessibleParking': True},,,True,,
ChIJefRj7Df7mUcRDoJ6nXNh-T4,False,False,True,False,"{'freeParkingLot': True, 'freeStreetParking': True}","{'acceptsCreditCards': True, 'acceptsDebitCards': True, 'acceptsCashOnly': False, 'acceptsNfc': False}",True,True,True,True,False,False,False,True,True,True,True,False,True,,"{'wheelchairAccessibleParking': True, 'wheelchairAccessibleSeating': True}",True,True,True,False,True
ChIJSUfhKCz7mUcRkvW4DdzA1Ls,,False,True,False,"{'freeParkingLot': True, 'freeStreetParking': True}","{'acceptsCreditCards': True, 'acceptsDebitCards': True, 'acceptsCashOnly': False, 'acceptsNfc': True}",True,True,True,True,False,False,True,True,True,True,True,,True,True,"{'wheelchairAccessibleParking': True, 'wheelchairAccessibleEntrance': True, 'wheelchairAccessibleSeating': True}",True,True,True,,True
ChIJD0eG3Sb7mUcR69WsfL5ysa4,False,False,True,False,"{'freeParkingLot': True, 'freeStreetParking': True}","{'acceptsDebitCards': True, 'acceptsCashOnly': False, 'acceptsNfc': True}",True,True,True,True,False,,True,True,True,True,True,True,True,False,"{'wheelchairAccessibleParking': True, 'wheelchairAccessibleEntrance': True, 'wheelchairAccessibleSeating': True}",True,True,True,True,True
ChIJayOhYw77mUcRFmVYqY50yOg,True,False,True,False,"{'freeParkingLot': True, 'paidParkingLot': True, 'freeStreetParking': True}","{'acceptsCreditCards': True, 'acceptsDebitCards': True, 'acceptsCashOnly': False, 'acceptsNfc': True}",True,True,True,True,False,False,True,True,True,True,True,True,True,True,"{'wheelchairAccessibleParking': True, 'wheelchairAccessibleEntrance': True, 'wheelchairAccessibleRestroom': True, 'wheelchairAccessibleSeating': True}",,True,True,False,True
ChIJ05lxui3lmUcRWJ39Zjt3P78,,True,,,,"{'acceptsDebitCards': True, 'acceptsNfc': True}",,,,,,,,,,,,,,True,"{'wheelchairAccessibleParking': False, 'wheelchairAccessibleEntrance': False}",,,,,
ChIJx8_YONT6mUcRm0S4iRVGdMI,True,True,True,False,{'freeParkingLot': True},"{'acceptsCreditCards': True, 'acceptsDebitCards': True, 'acceptsCashOnly': False, 'acceptsNfc': True}",True,True,True,True,True,False,True,True,True,True,True,True,True,True,{'wheelchairAccessibleParking': False},,,True,False,True
ChIJhfpzRzb7mUcROSM0C5xqSfA,True,True,True,False,{'freeParkingLot': True},"{'acceptsCreditCards': True, 'acceptsDebitCards': True, 'acceptsCashOnly': False, 'acceptsNfc': True}",True,True,True,True,False,False,True,True,True,True,True,True,True,True,"{'wheelchairAccessibleParking': False, 'wheelchairAccessibleEntrance': False}",True,True,True,False,
ChIJPd27DNT6mUcRsJIx2HarEOQ,,False,True,False,"{'freeParkingLot': False, 'freeStreetParking': False}","{'acceptsCreditCards': True, 'acceptsDebitCards': True, 'acceptsCashOnly': False, 'acceptsNfc': True}",True,True,True,True,True,True,True,True,True,,True,True,True,True,"{'wheelchairAccessibleParking': False, 'wheelchairAccessibleEntrance': False, 'wheelchairAccessibleSeating': False}",,,True,False,False
ChIJh7m47NX6mUcRgwbJLk1vDn0,True,False,True,False,"{'paidParkingLot': True, 'paidStreetParking': True}","{'acceptsDebitCards': True, 'acceptsCashOnly': False, 'acceptsNfc': True}",True,True,True,True,True,False,True,True,True,True,True,True,True,True,"{'wheelchairAccessibleParking': True, 'wheelchairAccessibleEntrance': True, 'wheelchairAccessibleRestroom': False, 'wheelchairAccessibleSeating': True}",,True,True,False,False
ChIJ71WmI9T6mUcRddh0j7VStjk,,False,True,,,,True,True,True,True,False,False,False,True,True,True,True,False,True,True,"{'wheelchairAccessibleParking': False, 'wheelchairAccessibleEntrance': False, 'wheelchairAccessibleSeating': False}",,True,True,False,
ChIJC7HFCtT6mUcRob-ev5r2SjI,,False,True,False,{'freeParkingLot': False},"{'acceptsCreditCards': True, 'acceptsDebitCards': True, 'acceptsCashOnly': False, 'acceptsNfc': True}",True,True,True,True,False,False,,True,True,True,True,True,True,True,"{'wheelchairAccessibleParking': False, 'wheelchairAccessibleEntrance': False, 'wheelchairAccessibleSeating': True}",,True,True,False,True
ChIJp-1HDbH7mUcRZ-0qgD-LR3w,True,False,True,False,,"{'acceptsCreditCards': True, 'acceptsDebitCards': True, 'acceptsCashOnly': False, 'acceptsNfc': True}",True,True,True,True,False,True,True,True,True,True,True,True,True,True,"{'wheelchairAccessibleParking': False, 'wheelchairAccessibleEntrance': True, 'wheelchairAccessibleRestroom': False, 'wheelchairAccessibleSeating': True}",,True,True,False,False
ChIJh0ro4tv6mUcR3aAfe_vIBHg,,False,True,,,,True,True,True,True,False,False,True,True,,False,,False,True,,{'wheelchairAccessibleSeating': True},,False,True,,False
ChIJTYFkttX6mUcRQ-NLIBlEUiE,,False,True,,,,False,True,True,True,,,True,,,,,,True,False,"{'wheelchairAccessibleParking': True, 'wheelchairAccessibleEntrance': False}",,,True,,
ChIJX4-gp9n6mUcR39N6fPlXA6I,True,True,True,False,,"{'acceptsDebitCards': True, 'acceptsCashOnly': False, 'acceptsNfc': True}",True,True,True,True,True,True,False,True,True,,True,True,True,True,"{'wheelchairAccessibleParking': True, 'wheelchairAccessibleEntrance': True, 'wheelchairAccessibleSeating': True}",,True,True,False,False
ChIJKc8JAdH6mUcRaqU7PHUId9Q,,,True,True,,"{'acceptsCreditCards': True, 'acceptsCashOnly': False}",True,True,True,True,True,True,True,True,True,True,True,,True,True,"{'wheelchairAccessibleParking': True, 'wheelchairAccessibleEntrance': True, 'wheelchairAccessibleRestroom': True, 'wheelchairAccessibleSeating': True}",True,True,True,,True
ChIJGTtrv9P6mUcRtLRexsK4n1E,,True,True,False,,"{'acceptsCreditCards': True, 'acceptsDebitCards': True, 'acceptsCashOnly': False, 'acceptsNfc': True}",True,True,True,True,False,False,,True,True,True,True,,True,True,"{'wheelchairAccessibleParking': False, 'wheelchairAccessibleRestroom': False}",,True,True,False,False
ChIJ62MugdH6mUcR7IeaAY_mG24,,,True,False,"{'freeParkingLot': True, 'paidParkingLot': True, 'paidStreetParking': True}","{'acceptsCreditCards': True, 'acceptsCashOnly': False}",True,True,True,True,True,True,True,True,True,True,True,True,True,True,"{'wheelchairAccessibleEntrance': True, 'wheelchairAccessibleRestroom': True, 'wheelchairAccessibleSeating': True}",,,True,False,
ChIJZxHDkQH7mUcRRJJIquhKWAs,,True,True,False,,,True,,,,,False,,True,,True,True,True,,True,,,True,True,False,False
ChIJ5xBo29H6mUcRhd1Q5HIO8MA,True,,True,False,{'paidStreetParking': True},"{'acceptsCreditCards': True, 'acceptsCashOnly': False}",True,False,True,True,True,False,True,True,True,True,True,True,False,True,"{'wheelchairAccessibleParking': True, 'wheelchairAccessibleEntrance': True, 'wheelchairAccessibleRestroom': True, 'wheelchairAccessibleSeating': True}",,True,True,False,True
ChIJhYDLOdL6mUcRL47TQ1nM7gU,False,False,True,False,"{'paidParkingLot': True, 'paidStreetParking': True, 'paidGarageParking': True}","{'acceptsCreditCards': True, 'acceptsDebitCards': False, 'acceptsCashOnly': False, 'acceptsNfc': True}",True,True,True,True,False,False,False,True,True,True,True,False,False,,"{'wheelchairAccessibleParking': False, 'wheelchairAccessibleEntrance': True, 'wheelchairAccessibleRestroom': True, 'wheelchairAccessibleSeating': True}",True,True,True,False,True
ChIJ9cMyt8X6mUcRC8xF9AbjNdU,,False,True,False,,{'acceptsCashOnly': False},True,True,True,True,False,False,False,True,True,True,True,,True,True,"{'wheelchairAccessibleParking': True, 'wheelchairAccessibleEntrance': True, 'wheelchairAccessibleRestroom': True, 'wheelchairAccessibleSeating': True}",True,True,True,False,True
ChIJmxC1NAD7mUcR8QG5G9KY39c,True,True,True,,,,,,,,,,,,True,,,,True,True,,,,,,
ChIJPVbqNtL6mUcRr08MEmuJIgs,True,True,True,False,"{'paidParkingLot': True, 'paidStreetParking': True}","{'acceptsCreditCards': True, 'acceptsDebitCards': True, 'acceptsCashOnly': False, 'acceptsNfc': True}",True,True,True,True,False,False,True,True,True,True,True,True,True,True,"{'wheelchairAccessibleParking': False, 'wheelchairAccessibleEntrance': True, 'wheelchairAccessibleRestroom': False, 'wheelchairAccessibleSeating': True}",,True,True,False,True
ChIJfe6Lh9H6mUcRgmQtePU9rSw,True,True,True,False,{'paidParkingLot': True},"{'acceptsDebitCards': True, 'acceptsCashOnly': False, 'acceptsNfc': True}",True,False,True,False,,False,False,True,True,True,True,,False,True,"{'wheelchairAccessibleEntrance': True, 'wheelchairAccessibleRestroom': True, 'wheelchairAccessibleSeating': True}",,True,True,False,False
ChIJCQ0dq437mUcRIhvpIGfxWiI,,True,True,False,,"{'acceptsDebitCards': True, 'acceptsCashOnly': False, 'acceptsNfc': True}",True,False,True,False,,False,False,,True,True,True,,False,True,,,True,,False,False
ChIJHeYeH_r7mUcRjK7N2j6Lhhk,,False,True,False,{'paidParkingLot': True},"{'acceptsCreditCards': True, 'acceptsDebitCards': True, 'acceptsCashOnly': False, 'acceptsNfc': True}",True,True,True,True,,True,True,True,True,True,True,True,True,,"{'wheelchairAccessibleEntrance': True, 'wheelchairAccessibleSeating': True}",True,True,True,,
ChIJI6CVktP6mUcRdoklZ-0caeA,False,False,True,False,"{'freeParkingLot': False, 'freeStreetParking': False}","{'acceptsCreditCards': True, 'acceptsDebitCards': True, 'acceptsCashOnly': False, 'acceptsNfc': True}",True,True,True,True,True,True,True,True,True,True,True,True,True,,"{'wheelchairAccessibleParking': False, 'wheelchairAccessibleEntrance': False}",True,,True,False,False
ChIJ--n1SdL6mUcRpASGRErF91k,,False,True,False,,,False,,False,False,False,False,False,False,,True,True,,False,True,"{'wheelchairAccessibleParking': False, 'wheelchairAccessibleSeating': False}",,,,False,False
ChIJuZhzLaz7mUcR-RLZoGdZK-I,True,True,True,False,,"{'acceptsDebitCards': True, 'acceptsCashOnly': False, 'acceptsNfc': True}",True,,,,,,,,,True,True,,,True,,,True,True,False,False
ChIJ6UflI6H7mUcRTP0VZP9e62U,False,False,True,,,{'acceptsCashOnly': False},,,True,,,,,True,,True,True,,,True,"{'wheelchairAccessibleParking': True, 'wheelchairAccessibleEntrance': True}",,True,,,
ChIJFYecuNH6mUcR5wmmb8W_1Vg,,True,True,False,,"{'acceptsCreditCards': False, 'acceptsDebitCards': True, 'acceptsCashOnly': False, 'acceptsNfc': True}",True,False,True,True,False,False,False,True,,True,True,False,,True,"{'wheelchairAccessibleParking': False, 'wheelchairAccessibleEntrance': False, 'wheelchairAccessibleSeating': False}",,,True,False,False
ChIJD0cBzNH6mUcRaZsQbNLKyI8,True,True,True,False,,"{'acceptsCreditCards': True, 'acceptsDebitCards': True, 'acceptsCashOnly': False, 'acceptsNfc': True}",True,False,True,False,True,False,False,True,True,True,True,True,False,False,"{'wheelchairAccessibleParking': False, 'wheelchairAccessibleEntrance': True, 'wheelchairAccessibleRestroom': False, 'wheelchairAccessibleSeating': False}",,True,True,False,False
ChIJZygGFuj7mUcR0FJdppJTL7Q,True,True,True,False,"{'freeParkingLot': True, 'paidParkingLot': True, 'freeStreetParking': False, 'paidStreetParking': True, 'valetParking': False, 'freeGarageParking': False, 'paidGarageParking': True}","{'acceptsCreditCards': True, 'acceptsDebitCards': True, 'acceptsCashOnly': False, 'acceptsNfc': True}",,True,True,,True,,,True,True,True,True,True,,True,"{'wheelchairAccessibleParking': True, 'wheelchairAccessibleEntrance': True, 'wheelchairAccessibleRestroom': False, 'wheelchairAccessibleSeating': True}",True,True,,True,True
ChIJx774JR_7mUcR3_uhwg9KT_c,True,False,True,False,"{'freeParkingLot': False, 'paidParkingLot': True, 'freeStreetParking': False, 'paidStreetParking': True, 'valetParking': False, 'freeGarageParking': False, 'paidGarageParking': True}","{'acceptsCreditCards': True, 'acceptsDebitCards': True, 'acceptsCashOnly': False}",True,True,True,True,False,False,,True,True,True,True,True,True,True,"{'wheelchairAccessibleParking': False, 'wheelchairAccessibleEntrance': True, 'wheelchairAccessibleRestroom': False, 'wheelchairAccessibleSeating': True}",True,True,True,False,True
ChIJMTjKcn_7mUcRN2rN8A4_YZc,True,True,True,False,{'freeParkingLot': True},"{'acceptsCreditCards': True, 'acceptsDebitCards': True, 'acceptsCashOnly': False, 'acceptsNfc': True}",True,True,True,True,,,True,True,True,True,True,True,True,True,"{'wheelchairAccessibleEntrance': True, 'wheelchairAccessibleSeating': True}",,True,True,False,
ChIJgbc7VAD7mUcRFK-2BDoQmI8,True,False,True,False,,,,,,,,,,True,,,,,,True,,,True,,False,False
ChIJP2j5YRb7mUcRvlrJted0Q_c,,False,True,False,"{'freeParkingLot': True, 'freeGarageParking': True}","{'acceptsCreditCards': True, 'acceptsDebitCards': True, 'acceptsCashOnly': False, 'acceptsNfc': True}",False,,,False,,False,False,,,True,True,,False,True,,,True,True,False,
ChIJNzGjDMj6mUcRtAM9feNOR_o,False,True,True,False,"{'freeParkingLot': True, 'freeGarageParking': True}","{'acceptsDebitCards': True, 'acceptsCashOnly': False, 'acceptsNfc': True}",False,False,,False,False,False,False,False,,True,True,True,False,True,"{'wheelchairAccessibleParking': True, 'wheelchairAccessibleEntrance': True, 'wheelchairAccessibleSeating': True}",,True,,False,False
ChIJ1YL7FMj6mUcRusMCXLdm5JI,,False,True,False,,"{'acceptsDebitCards': True, 'acceptsCashOnly': False, 'acceptsNfc': True}",,True,,True,False,False,,True,,True,True,,True,True,"{'wheelchairAccessibleParking': True, 'wheelchairAccessibleEntrance': True, 'wheelchairAccessibleSeating': True}",,True,,False,
ChIJRZ6stsn6mUcR9Xazz9KPi4Y,,,True,False,{'freeParkingLot': True},"{'acceptsDebitCards': True, 'acceptsCashOnly': False, 'acceptsNfc': True}",True,False,True,True,False,False,,True,False,True,True,False,False,True,"{'wheelchairAccessibleParking': True, 'wheelchairAccessibleEntrance': True, 'wheelchairAccessibleSeating': True}",,True,True,False,False
ChIJS8J6Dsj6mUcRlc-zXwH1D-M,,False,True,False,"{'freeParkingLot': True, 'freeStreetParking': True}",,True,False,,False,,False,,True,False,True,True,False,,True,"{'wheelchairAccessibleParking': True, 'wheelchairAccessibleEntrance': True, 'wheelchairAccessibleSeating': True}",,True,True,False,False
ChIJ688m6Q77mUcRgGyaJljddKs,,True,True,False,,,,,,,,,,,,True,True,,,True,,,True,,False,
ChIJS2PzG4n7mUcRkLDEHydEi_0,True,True,True,False,,,,,True,,,,,,,True,True,,,True,,,True,,,
ChIJa8lCtLP6mUcRDmCYosD7Ozk,,False,True,False,"{'freeParkingLot': True, 'freeStreetParking': True}","{'acceptsCreditCards': True, 'acceptsCashOnly': False}",True,True,True,True,False,True,True,True,True,True,True,True,True,True,"{'wheelchairAccessibleParking': True, 'wheelchairAccessibleEntrance': True, 'wheelchairAccessibleRestroom': True, 'wheelchairAccessibleSeating': True}",,True,True,False,True
ChIJE5A7XwD7mUcRo1kHbllmqWs,,,,,,,,,,,,,,,,,,,,,,,,,,
ChIJz36Zt7r7mUcRFRTWt7AqvHM,True,,True,False,"{'paidParkingLot': True, 'paidStreetParking': True}","{'acceptsCreditCards': True, 'acceptsDebitCards': True, 'acceptsCashOnly': False, 'acceptsNfc': True}",True,True,True,True,False,False,True,True,True,True,True,True,True,True,"{'wheelchairAccessibleEntrance': True, 'wheelchairAccessibleSeating': True}",,True,True,False,
ChIJcxCnJsHxmUcRytI8wyoNivk,,True,True,False,"{'freeParkingLot': True, 'freeStreetParking': True}","{'acceptsCreditCards': True, 'acceptsDebitCards': True, 'acceptsCashOnly': False, 'acceptsNfc': True}",True,True,True,True,True,False,False,True,False,True,True,True,,True,"{'wheelchairAccessibleParking': True, 'wheelchairAccessibleEntrance': True, 'wheelchairAccessibleSeating': True}",,True,True,False,False
ChIJFT2wv8DvmUcRCZn_Fe_ieMA,False,True,True,False,"{'freeParkingLot': True, 'freeStreetParking': True}","{'acceptsDebitCards': False, 'acceptsCashOnly': True, 'acceptsNfc': False}",True,True,True,True,False,False,False,True,True,True,True,False,True,True,"{'wheelchairAccessibleParking': False, 'wheelchairAccessibleEntrance': False, 'wheelchairAccessibleRestroom': False, 'wheelchairAccessibleSeating': False}",True,True,True,False,
ChIJw_pHyuHvmUcRk7YxCvcKsuY,,False,True,False,"{'freeParkingLot': True, 'freeStreetParking': True}","{'acceptsCreditCards': True, 'acceptsCashOnly': False}",True,True,True,True,True,,False,True,True,True,True,False,True,True,"{'wheelchairAccessibleParking': True, 'wheelchairAccessibleEntrance': True, 'wheelchairAccessibleRestroom': True, 'wheelchairAccessibleSeating': True}",True,True,True,False,True
ChIJqyQigITvmUcRH53hnYXytbw,True,True,True,,,,,,,,,,,,,,,,,True,,,,,,
ChIJ__8LtM78mUcRcAT-4qM_S-w,True,True,True,False,"{'freeParkingLot': True, 'freeStreetParking': True}","{'acceptsDebitCards': True, 'acceptsCashOnly': False, 'acceptsNfc': True}",True,False,True,True,False,False,False,True,False,True,True,True,False,True,"{'wheelchairAccessibleEntrance': False, 'wheelchairAccessibleSeating': True}",True,True,True,False,True
ChIJSzCy1M38mUcRVWSmSvdyhrM,,,True,False,"{'freeParkingLot': True, 'freeStreetParking': True}","{'acceptsCreditCards': True, 'acceptsCashOnly': False}",True,True,True,True,False,,,True,True,True,True,,True,True,"{'wheelchairAccessibleParking': True, 'wheelchairAccessibleSeating': True}",True,True,True,,True
ChIJYaIpZrT8mUcR_skNcYIxOvE,,,,,,"{'acceptsCreditCards': True, 'acceptsCashOnly': False}",,,,,,,,,,,,,,,{'wheelchairAccessibleParking': True},,True,,,
ChIJJwv_GjX7mUcRBqUKy2UwLVo,True,False,True,False,"{'freeParkingLot': True, 'freeStreetParking': True}","{'acceptsCreditCards': True, 'acceptsDebitCards': True, 'acceptsCashOnly': False, 'acceptsNfc': True}",True,True,True,True,True,,,True,True,True,True,True,True,True,"{'wheelchairAccessibleParking': True, 'wheelchairAccessibleEntrance': True, 'wheelchairAccessibleSeating': True}",True,True,True,False,True
ChIJjX6b37j7mUcR76qIt43y1mY,,,True,False,,"{'acceptsDebitCards': True, 'acceptsCashOnly': False}",,,,False,,,False,False,True,True,True,True,,True,{'wheelchairAccessibleEntrance': True},,,,False,
ChIJP_9lmxz7mUcRelv5YnPMnH8,True,True,True,False,,"{'acceptsCreditCards': True, 'acceptsDebitCards': True, 'acceptsCashOnly': False, 'acceptsNfc': True}",,False,,False,,False,False,,True,True,True,,False,True,,,,,False,False
ChIJe9Db17D7mUcRlW40zvrs5Jc,True,False,True,True,,,True,True,True,True,False,,True,True,True,,,False,True,,"{'wheelchairAccessibleEntrance': True, 'wheelchairAccessibleSeating': True}",,False,True,True,
ChIJsdMa-Mv5mUcRXIWM1xoh7OU,True,True,False,False,{'freeParkingLot': True},"{'acceptsCreditCards': True, 'acceptsCashOnly': False}",,,,,,False,,,,True,True,,,True,,,True,,,
ChIJ2RLhhi37mUcR3Ib6lzocwd4,,False,True,,"{'freeParkingLot': True, 'freeStreetParking': True}","{'acceptsCreditCards': False, 'acceptsDebitCards': True, 'acceptsCashOnly': False, 'acceptsNfc': True}",,,,,True,,,True,,,,,,True,"{'wheelchairAccessibleParking': True, 'wheelchairAccessibleEntrance': True}",,,,,
ChIJ08MPzIj7mUcRScn8KV8J5JQ,True,True,True,False,,"{'acceptsDebitCards': True, 'acceptsCashOnly': False, 'acceptsNfc': True}",True,,False,,False,False,,,True,True,True,True,,True,,,True,True,False,False
ChIJS-F3I9v7mUcR3LEzf9zMT3Q,,False,True,False,,"{'acceptsCreditCards': True, 'acceptsDebitCards': True, 'acceptsCashOnly': False, 'acceptsNfc': True}",True,True,True,True,False,False,,True,True,True,True,True,True,,"{'wheelchairAccessibleParking': False, 'wheelchairAccessibleEntrance': False, 'wheelchairAccessibleSeating': True}",True,True,True,False,
ChIJc-huVdT6mUcR81h3AxKXJVw,,False,True,False,{'paidParkingLot': True},"{'acceptsCreditCards': True, 'acceptsDebitCards': True, 'acceptsCashOnly': False, 'acceptsNfc': True}",True,True,True,True,True,True,True,True,True,True,True,True,True,,"{'wheelchairAccessibleParking': False, 'wheelchairAccessibleEntrance': False, 'wheelchairAccessibleRestroom': False, 'wheelchairAccessibleSeating': True}",,False,True,False,False
ChIJvRZrMCv7mUcRVFhflbgx6fU,,False,True,False,"{'freeParkingLot': True, 'freeStreetParking': True}",,True,True,True,True,False,False,False,True,True,True,True,,True,True,"{'wheelchairAccessibleEntrance': False, 'wheelchairAccessibleRestroom': False, 'wheelchairAccessibleSeating': False}",,True,True,False,False
ChIJKaszZ9T6mUcR8N35L-N12yE,,False,True,False,,{'acceptsCashOnly': True},,False,True,True,,False,False,True,False,True,True,False,,True,"{'wheelchairAccessibleParking': False, 'wheelchairAccessibleEntrance': True, 'wheelchairAccessibleRestroom': False}",,True,True,False,False
ChIJvXdF6ir7mUcRN0DV2i7M_6A,,True,True,False,{'freeStreetParking': True},"{'acceptsDebitCards': True, 'acceptsCashOnly': False, 'acceptsNfc': True}",True,False,True,,,False,False,True,True,True,True,False,False,True,"{'wheelchairAccessibleRestroom': False, 'wheelchairAccessibleSeating': False}",,True,True,False,False
ChIJAX3cZNT6mUcRZt1F8PcjdsQ,,False,True,False,{'freeParkingLot': False},"{'acceptsDebitCards': True, 'acceptsCashOnly': False, 'acceptsNfc': True}",True,True,True,True,True,True,False,True,True,,True,True,True,True,"{'wheelchairAccessibleParking': False, 'wheelchairAccessibleEntrance': False}",True,True,True,False,
ChIJh1I8Olz7mUcR_2HEc2I1Hdk,True,False,True,False,{'paidStreetParking': True},"{'acceptsCreditCards': True, 'acceptsDebitCards': True, 'acceptsCashOnly': False, 'acceptsNfc': True}",True,True,True,True,False,False,True,True,True,True,True,True,True,True,"{'wheelchairAccessibleParking': False, 'wheelchairAccessibleEntrance': False}",,True,True,False,False
ChIJbxg5UNT6mUcRY_RPFW_mgjg,,False,True,False,{'freeParkingLot': False},"{'acceptsCreditCards': True, 'acceptsDebitCards': True, 'acceptsCashOnly': False, 'acceptsNfc': True}",True,True,True,True,,False,True,True,True,True,True,True,True,True,"{'wheelchairAccessibleParking': False, 'wheelchairAccessibleEntrance': True, 'wheelchairAccessibleRestroom': False, 'wheelchairAccessibleSeating': True}",True,True,True,False,True
ChIJm7waYdT6mUcRxPFyE982gE0,True,False,True,False,,"{'acceptsDebitCards': True, 'acceptsCashOnly': False, 'acceptsNfc': True}",True,True,True,True,,False,False,True,False,True,True,False,False,True,"{'wheelchairAccessibleParking': False, 'wheelchairAccessibleEntrance': False}",True,True,True,False,False
ChIJkcyzhNP6mUcRtktmko5aqu4,,False,True,False,"{'freeParkingLot': False, 'freeStreetParking': False}","{'acceptsCreditCards': False, 'acceptsDebitCards': False, 'acceptsCashOnly': True, 'acceptsNfc': False}",True,True,True,True,True,True,True,True,True,True,True,True,True,,"{'wheelchairAccessibleParking': False, 'wheelchairAccessibleEntrance': False, 'wheelchairAccessibleRestroom': False, 'wheelchairAccessibleSeating': True}",True,True,True,False,
ChIJRzFgy-PlmUcRzLsMfKylwKU,True,,True,False,,"{'acceptsDebitCards': True, 'acceptsCashOnly': False, 'acceptsNfc': True}",,,,,,,,,,True,True,True,,True,,,True,,False,
ChIJ-cNv8NL6mUcRHISbWYKIM3s,,True,True,False,,"{'acceptsCreditCards': True, 'acceptsDebitCards': True, 'acceptsCashOnly': False}",True,True,True,True,False,False,True,True,True,True,True,True,True,True,,True,,True,False,False
ChIJufklmdT6mUcRhpc9UMwZkZ0,,True,True,False,"{'paidStreetParking': True, 'valetParking': False, 'paidGarageParking': True}","{'acceptsCreditCards': True, 'acceptsCashOnly': False}",,True,True,True,False,False,,True,True,True,True,True,True,True,{'wheelchairAccessibleSeating': True},,True,True,False,
ChIJ8dHXli3lmUcRbSsbGrUNotc,True,False,True,,{'paidParkingLot': True},"{'acceptsCreditCards': True, 'acceptsDebitCards': True, 'acceptsCashOnly': False, 'acceptsNfc': True}",True,True,True,True,True,False,True,True,True,True,True,False,True,True,"{'wheelchairAccessibleParking': True, 'wheelchairAccessibleEntrance': True, 'wheelchairAccessibleRestroom': True, 'wheelchairAccessibleSeating': True}",True,,True,True,False
ChIJzSXehNP6mUcR1zxxeaopBXM,,,True,False,,,False,False,False,False,,False,False,,,True,True,True,False,True,{'wheelchairAccessibleEntrance': True},,,,False,False
ChIJ_dVnFhvlmUcRfhmfBNArRdk,,True,True,,"{'freeParkingLot': True, 'paidParkingLot': True}",,,,,,,,,,,True,True,,,True,,,True,,,
ChIJje5bKfDlmUcRC8fNgelZCOk,True,True,True,,,"{'acceptsDebitCards': True, 'acceptsCashOnly': False, 'acceptsNfc': True}",,,,,,,,,,True,True,,,True,,,True,True,,
ChIJYR6MeNP6mUcRX0PfqXYXqks,,False,True,False,{'freeParkingLot': False},{'acceptsCashOnly': True},True,False,True,False,False,False,False,False,False,True,True,True,False,True,"{'wheelchairAccessibleParking': False, 'wheelchairAccessibleEntrance': False, 'wheelchairAccessibleRestroom': False, 'wheelchairAccessibleSeating': False}",,True,,False,False
ChIJ74HsYgD7mUcRX5dxelNMtJc,,,True,False,,{'acceptsCashOnly': False},,,,,,,,,,,,True,,True,,,,True,False,
ChIJ8WhdiDT7mUcRJ77WT23aNh8,True,True,True,False,,"{'acceptsDebitCards': True, 'acceptsCashOnly': False, 'acceptsNfc': True}",False,,False,False,,,False,,,True,True,True,False,True,{'wheelchairAccessibleParking': False},,True,,False,False
ChIJ_TOtsC3lmUcRvMRDRc_DsYQ,,,True,False,,{'acceptsCashOnly': True},,False,,,False,False,,True,True,True,True,True,,True,,,True,,False,False
ChIJQ4bnEdP6mUcR3w2eH4yFf1c,,,True,False,,{'acceptsCashOnly': True},False,False,False,False,False,False,,,False,True,True,True,,True,"{'wheelchairAccessibleParking': False, 'wheelchairAccessibleEntrance': False, 'wheelchairAccessibleSeating': False}",,True,,False,False
ChIJn5ANpsv7mUcRGS2GWvH2-qs,True,False,True,False,"{'paidParkingLot': True, 'paidGarageParking': True}","{'acceptsCreditCards': True, 'acceptsCashOnly': False}",True,True,True,True,,True,True,True,True,True,True,True,True,True,"{'wheelchairAccessibleEntrance': True, 'wheelchairAccessibleRestroom': True, 'wheelchairAccessibleSeating': True}",True,True,True,False,
ChIJo_FWZ9P6mUcRs-zk6oSThbI,True,False,True,,{'freeParkingLot': False},{'acceptsCashOnly': True},,,True,,,,,True,,,,,,True,{'wheelchairAccessibleEntrance': True},,,,,
ChIJi3I7G8PlmUcR4f3Tw7jgSA4,True,True,True,False,,"{'acceptsDebitCards': True, 'acceptsCashOnly': False, 'acceptsNfc': True}",,True,,,,False,,True,True,True,True,True,,True,,,True,True,False,
ChIJq6q2ANP6mUcRtcP54mcEUFY,,False,True,False,,"{'acceptsDebitCards': True, 'acceptsCashOnly': False, 'acceptsNfc': True}",,False,True,True,True,False,,False,True,True,True,True,False,True,"{'wheelchairAccessibleParking': False, 'wheelchairAccessibleEntrance': False, 'wheelchairAccessibleRestroom': False}",,True,True,False,False
ChIJraX0HdP6mUcRb9JGr9jEChQ,True,True,True,False,{'paidParkingLot': True},"{'acceptsCreditCards': True, 'acceptsDebitCards': True, 'acceptsCashOnly': False, 'acceptsNfc': True}",True,True,True,True,False,False,True,True,True,True,True,True,True,True,"{'wheelchairAccessibleParking': False, 'wheelchairAccessibleEntrance': True, 'wheelchairAccessibleRestroom': True, 'wheelchairAccessibleSeating': True}",False,True,True,False,False
ChIJr9SsptT6mUcR9NExCd4X4cg,,False,True,False,{'paidGarageParking': True},"{'acceptsCreditCards': True, 'acceptsDebitCards': True, 'acceptsCashOnly': False, 'acceptsNfc': True}",,True,True,True,False,False,True,True,True,True,True,True,True,True,"{'wheelchairAccessibleParking': False, 'wheelchairAccessibleEntrance': False, 'wheelchairAccessibleSeating': False}",True,True,True,False,
ChIJg0VvmC3lmUcRIg_4wHp7_as,True,False,True,False,,"{'acceptsCreditCards': True, 'acceptsDebitCards': True, 'acceptsCashOnly': False, 'acceptsNfc': True}",True,True,True,True,True,,True,True,True,True,True,True,True,True,"{'wheelchairAccessibleParking': False, 'wheelchairAccessibleEntrance': False, 'wheelchairAccessibleRestroom': False, 'wheelchairAccessibleSeating': True}",,True,True,False,False
ChIJOUVdyDHlmUcR3Z4LJET3hjE,,False,True,,"{'freeParkingLot': True, 'paidParkingLot': False, 'freeStreetParking': False, 'paidStreetParking': False, 'freeGarageParking': False, 'paidGarageParking': False}","{'acceptsCreditCards': False, 'acceptsDebitCards': True, 'acceptsCashOnly': False, 'acceptsNfc': False}",,,,,True,,,True,,,,,,True,"{'wheelchairAccessibleParking': True, 'wheelchairAccessibleEntrance': True}",,,,,
ChIJY5aK-HzlmUcRE2DDREeXjFs,True,True,True,False,{'freeParkingLot': True},"{'acceptsCreditCards': True, 'acceptsDebitCards': True, 'acceptsCashOnly': False, 'acceptsNfc': False}",True,True,True,True,,,True,True,True,True,True,,True,True,{'wheelchairAccessibleParking': True},True,True,True,False,True
ChIJFbyBpqzlmUcRsrS4bNxZiQQ,True,True,True,True,{'freeParkingLot': True},"{'acceptsDebitCards': True, 'acceptsCashOnly': False, 'acceptsNfc': True}",True,True,True,True,,,True,True,True,True,,True,True,True,,,True,True,True,
ChIJ7QTcxknlmUcRG-l-4dpdfps,True,True,True,False,,,True,,True,True,False,False,,,True,True,True,,True,True,"{'wheelchairAccessibleParking': False, 'wheelchairAccessibleEntrance': False}",,True,,False,
ChIJM6uNUkjlmUcRMfZcvy5-RZQ,,False,True,False,,"{'acceptsCreditCards': True, 'acceptsDebitCards': True, 'acceptsCashOnly': False, 'acceptsNfc': True}",True,True,True,True,False,False,True,True,True,True,True,,True,True,"{'wheelchairAccessibleParking': False, 'wheelchairAccessibleRestroom': False, 'wheelchairAccessibleSeating': False}",,,True,False,False
ChIJP0jxB6TlmUcRf1HFfU3YNGY,,True,True,False,"{'freeStreetParking': True, 'valetParking': False}","{'acceptsCreditCards': True, 'acceptsDebitCards': True, 'acceptsCashOnly': False, 'acceptsNfc': True}",True,True,True,True,,,True,True,True,True,True,True,True,True,,,True,True,False,
ChIJ3aQPnUnlmUcRzkmnkC2_IH4,True,False,True,False,"{'freeParkingLot': True, 'freeStreetParking': True}","{'acceptsCreditCards': True, 'acceptsDebitCards': True, 'acceptsCashOnly': False, 'acceptsNfc': True}",True,True,True,True,False,False,True,True,,True,True,True,True,True,"{'wheelchairAccessibleEntrance': False, 'wheelchairAccessibleRestroom': False}",True,True,True,False,
ChIJoUYu3kzlmUcRvZlFPGwwndg,False,,True,False,{'freeParkingLot': True},"{'acceptsCreditCards': True, 'acceptsDebitCards': True, 'acceptsCashOnly': False, 'acceptsNfc': True}",True,True,True,True,False,False,True,True,True,True,True,True,True,True,"{'wheelchairAccessibleParking': True, 'wheelchairAccessibleEntrance': True, 'wheelchairAccessibleSeating': True}",True,True,True,False,True
ChIJC-BPdEnlmUcRej3fAMmVk7s,,False,True,,,"{'acceptsCreditCards': True, 'acceptsDebitCards': True, 'acceptsCashOnly': False}",True,True,True,True,,True,True,True,True,True,True,True,True,True,{'wheelchairAccessibleEntrance': True},,True,,,True
ChIJXVULY07lmUcR5Hc68-T4sE8,,False,True,False,"{'freeParkingLot': True, 'paidStreetParking': True}","{'acceptsCreditCards': True, 'acceptsDebitCards': True, 'acceptsCashOnly': False, 'acceptsNfc': True}",True,True,True,True,False,False,False,True,True,True,True,False,True,True,"{'wheelchairAccessibleParking': True, 'wheelchairAccessibleEntrance': True, 'wheelchairAccessibleSeating': True}",True,True,True,False,True
ChIJmb0peSr7mUcRO0zCHnvboT0,,False,True,False,"{'freeParkingLot': True, 'freeStreetParking': True}","{'acceptsCreditCards': True, 'acceptsDebitCards': True, 'acceptsCashOnly': False, 'acceptsNfc': True}",True,True,True,True,False,False,True,True,True,True,True,True,True,True,"{'wheelchairAccessibleEntrance': False, 'wheelchairAccessibleSeating': True}",,False,True,False,False
ChIJEUaSPwr7mUcRAfhBvves8XM,,False,True,False,,"{'acceptsDebitCards': True, 'acceptsCashOnly': False, 'acceptsNfc': True}",,,,,,False,,True,True,,,,,True,,,True,,False,
ChIJ-5bKf3XlmUcRwRfmsVBct1g,True,True,True,False,"{'freeParkingLot': True, 'freeStreetParking': True, 'valetParking': False}","{'acceptsCreditCards': True, 'acceptsDebitCards': True, 'acceptsCashOnly': False, 'acceptsNfc': True}",True,True,True,True,,,True,True,True,True,True,True,True,True,"{'wheelchairAccessibleEntrance': True, 'wheelchairAccessibleSeating': True}",True,True,True,,
ChIJhXygP6rlmUcRRwcCYXLOVHg,True,False,True,,,"{'acceptsCreditCards': True, 'acceptsDebitCards': True, 'acceptsCashOnly': False, 'acceptsNfc': False}",,,True,,,,,,,,,,,True,"{'wheelchairAccessibleParking': True, 'wheelchairAccessibleEntrance': True, 'wheelchairAccessibleRestroom': True, 'wheelchairAccessibleSeating': True}",,,,,
ChIJb87QMvvvmUcRYdeqUzszdvw,True,False,True,False,"{'freeParkingLot': True, 'freeStreetParking': True}",{'acceptsCashOnly': False},True,True,True,True,False,False,,True,True,True,True,True,True,True,"{'wheelchairAccessibleParking': True, 'wheelchairAccessibleEntrance': False, 'wheelchairAccessibleSeating': True}",True,True,True,True,True
ChIJD8cLouHvmUcRxuWsiRy5vaQ,,False,True,False,"{'freeParkingLot': True, 'freeStreetParking': True}","{'acceptsCreditCards': True, 'acceptsDebitCards': True, 'acceptsCashOnly': False}",True,False,True,True,False,False,,,False,True,True,False,False,True,"{'wheelchairAccessibleParking': True, 'wheelchairAccessibleEntrance': True, 'wheelchairAccessibleSeating': True}",,True,True,False,False
ChIJmeaTGqbkmUcRYlcjcAJ-MPw,,False,True,False,"{'freeParkingLot': True, 'freeStreetParking': True}","{'acceptsDebitCards': True, 'acceptsCashOnly': False, 'acceptsNfc': True}",True,True,True,True,False,False,,True,True,True,True,False,True,True,"{'wheelchairAccessibleParking': True, 'wheelchairAccessibleEntrance': True, 'wheelchairAccessibleSeating': True}",True,True,True,,True
ChIJ40zo7rjkmUcRCDvZLgXSLhQ,,False,True,False,"{'freeParkingLot': True, 'freeStreetParking': True}","{'acceptsCreditCards': True, 'acceptsDebitCards': True, 'acceptsCashOnly': False, 'acceptsNfc': True}",True,True,True,True,True,True,True,True,True,True,True,True,True,,"{'wheelchairAccessibleParking': True, 'wheelchairAccessibleEntrance': True, 'wheelchairAccessibleRestroom': True, 'wheelchairAccessibleSeating': True}",True,True,True,False,
ChIJ7Xg1psXkmUcRV6_twhzPxrw,,,True,False,,{'acceptsCashOnly': False},,,,,,,,,,,,,,,{'wheelchairAccessibleParking': True},,,,,
ChIJS41IiCblmUcRPdcnWt4Nixg,False,False,True,False,,"{'acceptsCreditCards': True, 'acceptsCashOnly': False}",True,,True,True,True,False,False,True,True,,True,True,False,True,"{'wheelchairAccessibleParking': True, 'wheelchairAccessibleEntrance': True, 'wheelchairAccessibleRestroom': True, 'wheelchairAccessibleSeating': True}",,,True,False,False
ChIJR5q2bpTlmUcR1piHipJGNR0,,False,True,False,{'freeParkingLot': True},"{'acceptsCreditCards': True, 'acceptsDebitCards': True, 'acceptsCashOnly': False, 'acceptsNfc': True}",True,True,True,True,False,False,True,True,True,True,True,True,True,True,"{'wheelchairAccessibleParking': True, 'wheelchairAccessibleEntrance': True, 'wheelchairAccessibleRestroom': True, 'wheelchairAccessibleSeating': True}",,True,True,False,
ChIJu9cZ7YvlmUcRRPS7OxAUI6k,,False,True,False,,,,,,,False,True,,,True,False,True,True,,True,,,True,,False,
ChIJG0vPRLPlmUcRoKUqhj2hJD0,,False,True,,,{'acceptsCashOnly': False},True,,True,,,,,,,True,True,,,True,{'wheelchairAccessibleEntrance': True},,True,,,
ChIJXfSTCkjlmUcRcqn42kwRveI,,True,True,,,,,,,,,,,,,,,,,True,,,,,,
ChIJ1af7iUjlmUcR8WaWMmlD4oY,,False,True,False,,"{'acceptsDebitCards': False, 'acceptsCashOnly': True, 'acceptsNfc': False}",True,True,True,True,True,True,,True,True,,True,True,True,True,"{'wheelchairAccessibleParking': True, 'wheelchairAccessibleEntrance': True, 'wheelchairAccessibleRestroom': True, 'wheelchairAccessibleSeating': True}",True,True,True,,
ChIJ6aEkk_7lmUcRCLa65OvMH-M,,True,True,False,,"{'acceptsDebitCards': True, 'acceptsCashOnly': False, 'acceptsNfc': True}",,,,,,,,,,True,True,,,True,,,True,True,,
ChIJX1SOPxnlmUcRTx2RPioMClc,,False,True,False,"{'freeParkingLot': True, 'freeStreetParking': True}","{'acceptsDebitCards': True, 'acceptsCashOnly': False, 'acceptsNfc': True}",False,False,True,,False,False,,True,False,True,True,,,True,"{'wheelchairAccessibleEntrance': False, 'wheelchairAccessibleSeating': False}",,True,True,False,False
ChIJ_VpZalvlmUcRoBsbqcaz3S4,,False,True,False,"{'freeParkingLot': True, 'freeStreetParking': True}","{'acceptsCreditCards': False, 'acceptsDebitCards': True, 'acceptsCashOnly': False, 'acceptsNfc': True}",True,True,True,True,False,False,False,True,True,True,True,,True,True,"{'wheelchairAccessibleParking': True, 'wheelchairAccessibleEntrance': True, 'wheelchairAccessibleSeating': True}",True,True,True,False,
ChIJrUyJiKPkmUcRHFmBOZZcK7E,,False,True,False,"{'freeParkingLot': True, 'freeStreetParking': True}",{'acceptsCashOnly': False},False,True,True,True,False,False,True,True,True,True,True,True,True,True,"{'wheelchairAccessibleParking': False, 'wheelchairAccessibleEntrance': False, 'wheelchairAccessibleSeating': False}",True,True,True,False,True
ChIJz5Y6At3kmUcR2tnooD8-CDs,,True,True,False,{'freeParkingLot': True},"{'acceptsCreditCards': True, 'acceptsDebitCards': True, 'acceptsCashOnly': False, 'acceptsNfc': True}",True,True,True,True,,False,True,True,True,True,True,True,True,True,"{'wheelchairAccessibleParking': True, 'wheelchairAccessibleEntrance': True, 'wheelchairAccessibleSeating': True}",True,True,True,False,True
ChIJ7T7QTNzkmUcR9Ztys8-kztw,False,False,True,False,"{'freeParkingLot': True, 'paidParkingLot': True}","{'acceptsCreditCards': True, 'acceptsDebitCards': True, 'acceptsCashOnly': False, 'acceptsNfc': True}",True,True,True,True,True,True,,True,True,True,True,True,True,False,"{'wheelchairAccessibleEntrance': True, 'wheelchairAccessibleSeating': True}",True,True,True,False,False
ChIJJz8pQ-DkmUcRrJp3p-gAar4,,False,True,False,"{'freeParkingLot': True, 'freeStreetParking': True}","{'acceptsCreditCards': True, 'acceptsDebitCards': True, 'acceptsCashOnly': False, 'acceptsNfc': True}",True,True,True,True,,False,,True,True,True,True,True,True,,"{'wheelchairAccessibleParking': True, 'wheelchairAccessibleEntrance': False, 'wheelchairAccessibleSeating': True}",True,True,True,False,True
ChIJH48DT9zkmUcRKhveGoFGiyc,,False,True,False,{'freeParkingLot': True},{'acceptsCashOnly': True},,False,False,False,,False,,False,False,True,True,True,,True,{'wheelchairAccessibleParking': True},,True,,False,False
ChIJbdl5MlblmUcRah5QRIPAcOE,,True,True,False,{'freeParkingLot': True},,True,,True,True,,False,,True,,True,True,,,True,"{'wheelchairAccessibleParking': True, 'wheelchairAccessibleEntrance': True, 'wheelchairAccessibleSeating': True}",,True,True,True,False
ChIJtTclK-DkmUcRPwa7adA9-xs,,False,True,False,"{'freeParkingLot': True, 'freeStreetParking': True}","{'acceptsDebitCards': False, 'acceptsCashOnly': True, 'acceptsNfc': False}",True,False,False,,False,False,,False,,True,True,True,,True,"{'wheelchairAccessibleParking': True, 'wheelchairAccessibleEntrance': True, 'wheelchairAccessibleSeating': True}",,,,False,False
ChIJcUF03eHkmUcRCZQIbEG1YXw,,True,True,False,"{'freeParkingLot': True, 'freeStreetParking': True}",,True,True,True,True,,False,False,True,True,True,True,,True,True,{'wheelchairAccessibleEntrance': False},,True,True,False,
ChIJq0RPM-RmCUERF0gX2wQVdg4,,False,True,False,,{'acceptsCashOnly': True},True,,True,True,,False,False,True,True,True,True,False,True,,{'wheelchairAccessibleEntrance': False},,True,True,False,
ChIJy30wJWLlmUcRGJ40nGv8D-0,True,False,True,False,"{'freeParkingLot': True, 'freeStreetParking': True}",,True,True,True,True,False,False,True,True,True,True,True,True,True,True,"{'wheelchairAccessibleParking': True, 'wheelchairAccessibleEntrance': True, 'wheelchairAccessibleSeating': True}",True,True,True,False,True
ChIJwecUc47vmUcRBM6a6MMKtiU,True,False,True,False,"{'freeParkingLot': True, 'freeStreetParking': True, 'freeGarageParking': False}","{'acceptsCreditCards': True, 'acceptsDebitCards': True, 'acceptsCashOnly': False, 'acceptsNfc': True}",True,True,True,True,False,False,True,True,True,True,True,True,True,True,"{'wheelchairAccessibleParking': True, 'wheelchairAccessibleEntrance': True, 'wheelchairAccessibleRestroom': True, 'wheelchairAccessibleSeating': True}",True,True,True,,True
ChIJm1H70o3vmUcR0WZwseUvxp0,,False,True,False,,{'acceptsCashOnly': True},True,,True,True,,False,False,True,,,,False,True,,{'wheelchairAccessibleEntrance': False},,True,True,False,False
ChIJA_FmRxnjmUcRHn4gWdhC3LM,,,True,False,"{'freeParkingLot': True, 'freeStreetParking': True}",{'acceptsCashOnly': True},False,False,False,False,False,False,,True,False,True,True,True,,True,"{'wheelchairAccessibleParking': True, 'wheelchairAccessibleEntrance': True, 'wheelchairAccessibleRestroom': False, 'wheelchairAccessibleSeating': True}",,True,True,False,False
ChIJw5-ZOBnjmUcRPyT8yovYOpc,True,True,True,False,"{'freeParkingLot': True, 'freeStreetParking': True}",{'acceptsCashOnly': True},True,True,True,True,False,False,,True,True,True,True,True,True,True,"{'wheelchairAccessibleEntrance': False, 'wheelchairAccessibleRestroom': True, 'wheelchairAccessibleSeating': False}",True,True,True,False,True
ChIJRdMzCwDjmUcR2BT6lcz4jAU,,,,,,,,,,,,,,,,,,,,,,,,,,
ChIJzfpylmvjmUcRIKcqixozE10,,False,True,False,"{'freeParkingLot': True, 'freeStreetParking': True}","{'acceptsCreditCards': False, 'acceptsDebitCards': True, 'acceptsCashOnly': False}",True,True,True,True,,False,,True,True,True,True,True,True,False,"{'wheelchairAccessibleParking': True, 'wheelchairAccessibleEntrance': False, 'wheelchairAccessibleRestroom': False, 'wheelchairAccessibleSeating': True}",True,True,True,False,True
ChIJu799TxbjmUcRwZMZGgSPayc,,False,True,,"{'freeParkingLot': True, 'freeStreetParking': True}",,True,True,True,True,,,,True,,,,,True,,"{'wheelchairAccessibleParking': True, 'wheelchairAccessibleSeating': True}",,,True,,
ChIJO3k_Gf7kmUcRw8DOOAJfBak,,False,True,False,"{'freeParkingLot': True, 'freeStreetParking': True}","{'acceptsCreditCards': True, 'acceptsDebitCards': True, 'acceptsCashOnly': False, 'acceptsNfc': True}",True,True,True,True,True,,True,True,True,True,True,,True,,"{'wheelchairAccessibleParking': True, 'wheelchairAccessibleSeating': True}",True,False,True,False,
ChIJQ90LhXzlmUcRM2dWhyTtXAg,,False,True,,,{'acceptsCashOnly': True},True,,True,True,,False,True,True,True,False,,,True,,{'wheelchairAccessibleSeating': True},,True,True,False,False
ChIJa8lCtLP6mUcREkdw8YsXSY0,,,,,,,,,,,,,,,,,,,,,,,True,,,
ChIJ568fclxmCUER3Io5Wo4bDyc,True,True,True,False,{'freeParkingLot': True},{'acceptsCashOnly': False},True,True,True,True,False,False,False,True,True,True,True,False,True,True,{'wheelchairAccessibleEntrance': True},True,True,True,True,True
ChIJGUEaZwDjmUcRdEBXQx5TF-8,,,,,,,,,,,,,,,,,,,,,,,,,,
ChIJOXu42gHlmUcRGqtWRyGEimY,,False,True,False,{'freeParkingLot': True},"{'acceptsCreditCards': True, 'acceptsDebitCards': True, 'acceptsCashOnly': False, 'acceptsNfc': True}",True,True,True,True,False,False,,True,True,True,True,True,True,,,,,True,False,False
