id,name,accessibilityOptions,allowsDogs,goodForChildren,goodForGroups,goodForWatchingSports,menuForChildren
ChIJ_VWb4xn6mUcRH4NujtHMKJI,"{'text': 'Café Kult Dußlingen', 'languageCode': 'de'}","{'wheelchairAccessibleParking': True, 'wheelchairAccessibleEntrance': True, 'wheelchairAccessibleRestroom': True, 'wheelchairAccessibleSeating': True}",,True,True,False,False
ChIJo5EYOK_4mUcRi4shjNiEDUc,"{'text': 'Boxenstop', 'languageCode': 'de'}","{'wheelchairAccessibleParking': True, 'wheelchairAccessibleEntrance': True, 'wheelchairAccessibleSeating': True}",True,False,True,True,False
ChIJ_VfiMxj6mUcRRK_QBdxww7g,"{'text': 'Alte Krone', 'languageCode': 'de'}","{'wheelchairAccessibleParking': True, 'wheelchairAccessibleEntrance': True, 'wheelchairAccessibleSeating': True}",True,True,True,False,True
ChIJT4FlA7zwmUcRcrmR1JIlwm8,"{'text': 'Nazar Imbiss', 'languageCode': 'de'}","{'wheelchairAccessibleParking': True, 'wheelchairAccessibleEntrance': True, 'wheelchairAccessibleSeating': True}",,True,True,,False
ChIJ3bJ1WPDxmUcRBC55YV0woIA,"{'text': ""s'Casa"", 'languageCode': 'de'}","{'wheelchairAccessibleParking': True, 'wheelchairAccessibleEntrance': True, 'wheelchairAccessibleRestroom': False, 'wheelchairAccessibleSeating': True}",True,True,True,False,False
ChIJ3xCcNgDxmUcRtLLUkaG5wY8,"{'text': ""La piccola s'Casa Imbiss Pizza"", 'languageCode': 'de'}",,,,,,
ChIJ5dhz-EXxmUcRuZTn4wsBpQs,"{'text': 'Trattoria Da Daniele - Italienisches Restaurant in Gomaringen', 'languageCode': 'de'}","{'wheelchairAccessibleParking': True, 'wheelchairAccessibleEntrance': True, 'wheelchairAccessibleSeating': True}",,True,True,False,True
ChIJyfOQ32r6mUcRlmkEAh1apbs,"{'text': 'Gasthaus Schützenhaus / Partyservice Kaltenmark', 'languageCode': 'de'}","{'wheelchairAccessibleParking': True, 'wheelchairAccessibleEntrance': True, 'wheelchairAccessibleSeating': True}",True,True,True,False,True
ChIJKTNtZZjwmUcRtKWjb8U2YqI,"{'text': 'Wirtshaus Krone', 'languageCode': 'de'}","{'wheelchairAccessibleEntrance': False, 'wheelchairAccessibleSeating': False}",True,True,True,False,True
ChIJ21ldIJXwmUcRqVJwdqcHroA,"{'text': 'Bakery Schmid ""cafe cult""', 'languageCode': 'en'}","{'wheelchairAccessibleParking': True, 'wheelchairAccessibleEntrance': True}",,,,,
ChIJy9BCYNr9mUcRKQBU3lnANgo,"{'text': 'Café im Dreikönig', 'languageCode': 'de'}","{'wheelchairAccessibleParking': True, 'wheelchairAccessibleEntrance': True, 'wheelchairAccessibleRestroom': True, 'wheelchairAccessibleSeating': True}",True,True,True,False,True
ChIJeSaF9XD8mUcRDm3he7lkuMA,"{'text': 'Sportgaststätte Kiebingen', 'languageCode': 'de'}","{'wheelchairAccessibleParking': True, 'wheelchairAccessibleEntrance': True, 'wheelchairAccessibleRestroom': True, 'wheelchairAccessibleSeating': True}",True,True,True,True,True
ChIJk0bQgJr7mUcR-CKFCw2h2KY,"{'text': 'Sportheim Bühl Inh. Gerardo Carbonaro', 'languageCode': 'de'}","{'wheelchairAccessibleParking': True, 'wheelchairAccessibleEntrance': True, 'wheelchairAccessibleSeating': True}",True,True,True,,True
ChIJN7o495b7mUcRgQbaxkTIkXo,"{'text': 'Schützenhaus Bühl Restaurant Taverne', 'languageCode': 'de'}","{'wheelchairAccessibleParking': True, 'wheelchairAccessibleEntrance': True, 'wheelchairAccessibleSeating': True}",True,True,True,False,True
ChIJBctfifbwmUcRrXoViGlewME,"{'text': 'Sportgaststätte Reinenberg La Corte', 'languageCode': 'en'}","{'wheelchairAccessibleParking': True, 'wheelchairAccessibleEntrance': True, 'wheelchairAccessibleRestroom': True, 'wheelchairAccessibleSeating': True}",True,True,True,True,True
ChIJU3_pY4T7mUcREub8_JVTsJc,"{'text': ""Gasthof 's Gräbele"", 'languageCode': 'de'}","{'wheelchairAccessibleParking': True, 'wheelchairAccessibleRestroom': True}",True,True,True,False,True
ChIJIbTkHI37mUcRoDRmzFClAN4,"{'text': 'Dönerrizza', 'languageCode': 'de'}","{'wheelchairAccessibleParking': True, 'wheelchairAccessibleEntrance': True, 'wheelchairAccessibleRestroom': True, 'wheelchairAccessibleSeating': True}",False,True,True,False,True
ChIJG3kcYNz7mUcR5ZdgCEXB3-I,"{'text': 'ON Börek & Bakery (Turkish Bakery)', 'languageCode': 'en'}","{'wheelchairAccessibleParking': True, 'wheelchairAccessibleRestroom': False, 'wheelchairAccessibleSeating': True}",,,,,
ChIJ9e2hy3X7mUcRAJJ8PtNdcAQ,"{'text': 'Eddy’s Imbiss', 'languageCode': 'de'}","{'wheelchairAccessibleParking': True, 'wheelchairAccessibleEntrance': True, 'wheelchairAccessibleSeating': True}",,True,True,False,
ChIJhxRbsgv7mUcRMjO-1R7lUtk,"{'text': 'Gasthaus Hirsch Kilchberg', 'languageCode': 'de'}","{'wheelchairAccessibleEntrance': False, 'wheelchairAccessibleSeating': False}",,True,True,False,True
ChIJd8nlXKr7mUcRO6iJzDp3sUQ,"{'text': 'Schützenhaus Weilheim', 'languageCode': 'de'}","{'wheelchairAccessibleParking': True, 'wheelchairAccessibleEntrance': True, 'wheelchairAccessibleRestroom': True, 'wheelchairAccessibleSeating': True}",True,True,True,False,True
ChIJZxx-Kln6mUcROzIKQaLPWq4,"{'text': 'Restaurant Schloss Kressbach', 'languageCode': 'de'}","{'wheelchairAccessibleParking': True, 'wheelchairAccessibleEntrance': True, 'wheelchairAccessibleRestroom': True, 'wheelchairAccessibleSeating': True}",True,True,True,False,
ChIJ4VPJNj3xmUcR74Qh7Q0iz_k,"{'text': ""Mayer's Sommergarten"", 'languageCode': 'de'}","{'wheelchairAccessibleParking': True, 'wheelchairAccessibleSeating': True}",True,True,True,,
ChIJEbY0PWfwmUcRX3ULHIUZ0S0,"{'text': ""Mayer's Waldhorn"", 'languageCode': 'en'}","{'wheelchairAccessibleParking': True, 'wheelchairAccessibleEntrance': True, 'wheelchairAccessibleRestroom': False, 'wheelchairAccessibleSeating': True}",True,True,True,False,True
ChIJARhATH37mUcRyRmMLZdZkKw,"{'text': 'Pizzeria -Sportlerstube Hirschau', 'languageCode': 'de'}","{'wheelchairAccessibleParking': True, 'wheelchairAccessibleEntrance': True, 'wheelchairAccessibleSeating': True}",,True,True,,True
ChIJnQwYNXf7mUcRQiKytCB8Vn0,"{'text': 'EAT HAPPY', 'languageCode': 'de'}",,,,,,
ChIJ66taiuz6mUcRFSLyQ1zeZug,"{'text': 'Sportgaststätte TV Derendingen', 'languageCode': 'de'}","{'wheelchairAccessibleParking': True, 'wheelchairAccessibleEntrance': True, 'wheelchairAccessibleRestroom': True, 'wheelchairAccessibleSeating': True}",True,True,True,True,True
ChIJJefnUwD7mUcRw8RE8WokBsc,"{'text': 'Biergarten Sudhaus', 'languageCode': 'de'}",,,,,,
ChIJocMuqXPwmUcR_FQG4_XZKr8,"{'text': 'Hotel Gasthof Löwen Wankheim', 'languageCode': 'de'}",{'wheelchairAccessibleParking': True},,True,,,
ChIJTR3JWCjxmUcRbt_RBaruRfk,"{'text': 'Ristorante Pizzeria Milano', 'languageCode': 'de'}","{'wheelchairAccessibleParking': True, 'wheelchairAccessibleEntrance': True, 'wheelchairAccessibleSeating': True}",True,True,True,False,True
ChIJA_PuHnPwmUcRvwRYy8yGfdg,"{'text': 'Hofladen Kemmler', 'languageCode': 'de'}","{'wheelchairAccessibleParking': True, 'wheelchairAccessibleEntrance': True}",,,,,
ChIJA_PuHnPwmUcRjsZYfTvJ-ZQ,"{'text': 'Landgut Kemmler', 'languageCode': 'de'}","{'wheelchairAccessibleParking': True, 'wheelchairAccessibleEntrance': True}",,True,,,
ChIJ408GZzjwmUcRiwbNgTXYfMc,"{'text': 'Gasthof Kompf', 'languageCode': 'de'}","{'wheelchairAccessibleParking': True, 'wheelchairAccessibleEntrance': True, 'wheelchairAccessibleRestroom': True, 'wheelchairAccessibleSeating': True}",True,True,True,False,True
ChIJY4I8Je38mUcR-0CAwesMdWk,"{'text': ""Gasthof Hotel Rössle & Gerry's Steakhouse"", 'languageCode': 'de'}","{'wheelchairAccessibleParking': True, 'wheelchairAccessibleEntrance': True}",,True,,,
ChIJR_Kkbuv8mUcRIxl8cm8Sjig,"{'text': 'Besenwirtschaft Sieß', 'languageCode': 'de'}",{'wheelchairAccessibleParking': True},True,True,True,False,False
ChIJQS69Gk_7mUcRKNZFcYeFOnI,"{'text': 'Ayla Pizza&Kebap', 'languageCode': 'de'}",,,True,True,,
ChIJNaEqSGT7mUcRu73mZS05U6g,"{'text': 'Gasthof Goldener Löwe', 'languageCode': 'de'}","{'wheelchairAccessibleParking': True, 'wheelchairAccessibleSeating': True}",True,True,True,False,True
ChIJr_n1fgH7mUcRhdWN8PqFpow,"{'text': '„Casino“ DB Gastronomie GmbH', 'languageCode': 'de'}",{'wheelchairAccessibleParking': True},,False,True,,False
ChIJV8BMYOf6mUcRopufG6bi_uA,"{'text': 'Gaststätte Hirsch Derendingen', 'languageCode': 'de'}",{'wheelchairAccessibleEntrance': False},,True,True,False,True
ChIJD8qT8qX7mUcRNPwWmhNddgA,"{'text': 'Memo Döner & Pizza Tübingen', 'languageCode': 'de'}",,,,,,
ChIJ1ZN5p1X7mUcRZw17Vfp1M_Y,"{'text': 'Da Michele', 'languageCode': 'de'}",{'wheelchairAccessibleEntrance': False},,True,True,False,
ChIJf67tt936mUcRgzFJHEdI4y0,"{'text': 'Berivan Pizza & Kebap', 'languageCode': 'de'}","{'wheelchairAccessibleEntrance': False, 'wheelchairAccessibleSeating': False}",,True,True,,False
ChIJqRyU3BL7mUcRutt7WumEOI0,"{'text': ""Take ,N' GO"", 'languageCode': 'de'}","{'wheelchairAccessibleEntrance': True, 'wheelchairAccessibleSeating': False}",,,,False,False
ChIJF2Wg93H7mUcRfK_KN-0yTRI,"{'text': ""Pan's Asian Kitchen"", 'languageCode': 'de'}",,True,True,True,False,False
ChIJwynSXrr6mUcRJDnNNZkD1UU,"{'text': 'Little India Restaurant', 'languageCode': 'de'}",{'wheelchairAccessibleSeating': True},,True,True,False,False
ChIJ7azpnTnwmUcRVWTjwZxS2cI,"{'text': 'crepes creatives', 'languageCode': 'de'}",{'wheelchairAccessibleParking': True},,,True,,
ChIJefRj7Df7mUcRDoJ6nXNh-T4,"{'text': 'Schwärzlocher Hof - Gaststätte', 'languageCode': 'de'}","{'wheelchairAccessibleParking': True, 'wheelchairAccessibleSeating': True}",True,True,True,False,True
ChIJSUfhKCz7mUcRkvW4DdzA1Ls,"{'text': 'Coyote Cafe', 'languageCode': 'de'}","{'wheelchairAccessibleParking': True, 'wheelchairAccessibleEntrance': True, 'wheelchairAccessibleSeating': True}",True,True,True,,True
ChIJD0eG3Sb7mUcR69WsfL5ysa4,"{'text': 'Kabine5', 'languageCode': 'de'}","{'wheelchairAccessibleParking': True, 'wheelchairAccessibleEntrance': True, 'wheelchairAccessibleSeating': True}",True,True,True,True,True
ChIJayOhYw77mUcRFmVYqY50yOg,"{'text': 'An An 2 - Vietnamese Cuisine & Sushi Bar', 'languageCode': 'de'}","{'wheelchairAccessibleParking': True, 'wheelchairAccessibleEntrance': True, 'wheelchairAccessibleRestroom': True, 'wheelchairAccessibleSeating': True}",,True,True,False,True
ChIJhfpzRzb7mUcROSM0C5xqSfA,"{'text': 'Restaurant HILLS - Burgerclub & Steakhouse', 'languageCode': 'de'}","{'wheelchairAccessibleParking': False, 'wheelchairAccessibleEntrance': False}",True,True,True,False,
ChIJx8_YONT6mUcRm0S4iRVGdMI,"{'text': 'Restaurant Mauganeschtle Tübingen', 'languageCode': 'de'}",{'wheelchairAccessibleParking': False},,,True,False,True
ChIJp-1HDbH7mUcRZ-0qgD-LR3w,"{'text': ""Caro's Restaurant"", 'languageCode': 'de'}","{'wheelchairAccessibleParking': False, 'wheelchairAccessibleEntrance': True, 'wheelchairAccessibleRestroom': False, 'wheelchairAccessibleSeating': True}",,True,True,False,False
ChIJ4zdnrsT7mUcRMl8z9RZeJHA,"{'text': 'Lotus Garden', 'languageCode': 'de'}","{'wheelchairAccessibleEntrance': True, 'wheelchairAccessibleRestroom': True, 'wheelchairAccessibleSeating': True}",True,True,True,False,False
ChIJPd27DNT6mUcRsJIx2HarEOQ,"{'text': 'Kaffeehaus Ranitzky', 'languageCode': 'en'}","{'wheelchairAccessibleParking': False, 'wheelchairAccessibleEntrance': False, 'wheelchairAccessibleSeating': False}",,,True,False,False
ChIJ71WmI9T6mUcRddh0j7VStjk,"{'text': 'Traube', 'languageCode': 'de'}","{'wheelchairAccessibleParking': False, 'wheelchairAccessibleEntrance': False, 'wheelchairAccessibleSeating': False}",,True,True,False,
ChIJTYFkttX6mUcRQ-NLIBlEUiE,"{'text': 'Alter Simpl', 'languageCode': 'de'}","{'wheelchairAccessibleParking': True, 'wheelchairAccessibleEntrance': False}",,,True,,
ChIJh0ro4tv6mUcR3aAfe_vIBHg,"{'text': 'Riccis Dart-Bistro', 'languageCode': 'de'}",{'wheelchairAccessibleSeating': True},,False,True,,False
ChIJh7m47NX6mUcRgwbJLk1vDn0,"{'text': 'Manufaktur', 'languageCode': 'en'}","{'wheelchairAccessibleParking': True, 'wheelchairAccessibleEntrance': True, 'wheelchairAccessibleRestroom': False, 'wheelchairAccessibleSeating': True}",,True,True,False,False
ChIJKc8JAdH6mUcRaqU7PHUId9Q,"{'text': 'Gaststätte Hauptbahnhof', 'languageCode': 'de'}","{'wheelchairAccessibleParking': True, 'wheelchairAccessibleEntrance': True, 'wheelchairAccessibleRestroom': True, 'wheelchairAccessibleSeating': True}",True,True,True,,True
ChIJPVbqNtL6mUcRr08MEmuJIgs,"{'text': 'El Chico', 'languageCode': 'de'}","{'wheelchairAccessibleParking': False, 'wheelchairAccessibleEntrance': True, 'wheelchairAccessibleRestroom': False, 'wheelchairAccessibleSeating': True}",,True,True,False,True
ChIJH7MjPs76mUcR9qC_MT4h-9E,"{'text': 'The Public pub & bar Tübingen', 'languageCode': 'de'}","{'wheelchairAccessibleEntrance': True, 'wheelchairAccessibleSeating': True}",True,True,True,True,True
ChIJyTShHs_6mUcRtQE7IEjPkyE,"{'text': 'Aspendos Restaurant', 'languageCode': 'de'}",{'wheelchairAccessibleEntrance': False},,True,True,False,True
ChIJ62MugdH6mUcR7IeaAY_mG24,"{'text': 'Ludwigs', 'languageCode': 'de'}","{'wheelchairAccessibleEntrance': True, 'wheelchairAccessibleRestroom': True, 'wheelchairAccessibleSeating': True}",,,True,False,
ChIJ5xBo29H6mUcRhd1Q5HIO8MA,"{'text': 'Burgermeister Café Gino', 'languageCode': 'de'}","{'wheelchairAccessibleParking': True, 'wheelchairAccessibleEntrance': True, 'wheelchairAccessibleRestroom': True, 'wheelchairAccessibleSeating': True}",,True,True,False,True
ChIJZxHDkQH7mUcRRJJIquhKWAs,"{'text': 'Brothersorientfood Tübingen', 'languageCode': 'de'}",,,True,True,False,False
ChIJzYSKNNL6mUcR2Q5TjncJPlo,"{'text': 'China Restaurant San Bao', 'languageCode': 'en'}",{'wheelchairAccessibleParking': False},,True,True,False,False
ChIJhYDLOdL6mUcRL47TQ1nM7gU,"{'text': 'Gasthausbrauerei Neckarmüller', 'languageCode': 'de'}","{'wheelchairAccessibleParking': False, 'wheelchairAccessibleEntrance': True, 'wheelchairAccessibleRestroom': True, 'wheelchairAccessibleSeating': True}",True,True,True,False,True
ChIJfe6Lh9H6mUcRgmQtePU9rSw,"{'text': 'Restaurant Istanbul Tübingen', 'languageCode': 'de'}","{'wheelchairAccessibleEntrance': True, 'wheelchairAccessibleRestroom': True, 'wheelchairAccessibleSeating': True}",,True,True,False,False
ChIJmxC1NAD7mUcR8QG5G9KY39c,"{'text': 'Luca - Pizza Napoletana', 'languageCode': 'en'}",,,,,,
ChIJuZhzLaz7mUcR-RLZoGdZK-I,"{'text': 'TÜ MEIN ESSEN', 'languageCode': 'de'}",,,True,True,False,False
ChIJCQ0dq437mUcRIhvpIGfxWiI,"{'text': 'Aksaray Tübingen', 'languageCode': 'de'}",,,True,,False,False
ChIJ6UflI6H7mUcRTP0VZP9e62U,"{'text': 'HendlBurg Tübingen Hbf', 'languageCode': 'el'}","{'wheelchairAccessibleParking': True, 'wheelchairAccessibleEntrance': True}",,True,,,
ChIJHeYeH_r7mUcRjK7N2j6Lhhk,"{'text': 'MARI Restaurant Bar by Markus & Richard', 'languageCode': 'en'}","{'wheelchairAccessibleEntrance': True, 'wheelchairAccessibleSeating': True}",True,True,True,,
ChIJI6CVktP6mUcRdoklZ-0caeA,"{'text': 'Cafe Tangente Jour', 'languageCode': 'en'}","{'wheelchairAccessibleParking': False, 'wheelchairAccessibleEntrance': False}",True,,True,False,False
ChIJ--n1SdL6mUcRpASGRErF91k,"{'text': ""Hao's Box"", 'languageCode': 'en'}","{'wheelchairAccessibleParking': False, 'wheelchairAccessibleSeating': False}",,,,False,False
ChIJFYecuNH6mUcR5wmmb8W_1Vg,"{'text': 'Aksaray 3 Döner & Pizza Imbiss', 'languageCode': 'de'}","{'wheelchairAccessibleParking': False, 'wheelchairAccessibleEntrance': False, 'wheelchairAccessibleSeating': False}",,,True,False,False
ChIJD0cBzNH6mUcRaZsQbNLKyI8,"{'text': 'Subway', 'languageCode': 'de'}","{'wheelchairAccessibleParking': False, 'wheelchairAccessibleEntrance': True, 'wheelchairAccessibleRestroom': False, 'wheelchairAccessibleSeating': False}",,True,True,False,False
ChIJX6CQ4cT6mUcR56BXGwa1MqQ,"{'text': 'PizzaPasta Tübingen', 'languageCode': 'de'}",{'wheelchairAccessibleEntrance': True},,,,,
ChIJZygGFuj7mUcR0FJdppJTL7Q,"{'text': 'Mr.Kebab', 'languageCode': 'de'}","{'wheelchairAccessibleParking': True, 'wheelchairAccessibleEntrance': True, 'wheelchairAccessibleRestroom': False, 'wheelchairAccessibleSeating': True}",True,True,,True,True
ChIJJYpsxbH7mUcRJ3qMsP8OmhY,"{'text': 'GenussArt | Bistro & Café | Frühstück - Salate, Bowls & mehr - Kaffee - Kuchen | vegetarisch & vegan', 'languageCode': 'de'}","{'wheelchairAccessibleEntrance': True, 'wheelchairAccessibleSeating': True}",,True,True,False,False
ChIJ79KBN4j7mUcR6AbeB-pPGE4,"{'text': 'Neckarmüller - Biergarten', 'languageCode': 'de'}","{'wheelchairAccessibleEntrance': True, 'wheelchairAccessibleRestroom': True, 'wheelchairAccessibleSeating': True}",True,True,True,False,False
ChIJ4-q0kXL7mUcR6TMepV4U_lo,"{'text': 'Neckawa', 'languageCode': 'en'}","{'wheelchairAccessibleEntrance': True, 'wheelchairAccessibleRestroom': True, 'wheelchairAccessibleSeating': True}",True,,True,,True
ChIJizM6MAH7mUcR2jJcSvVhqD0,"{'text': 'Ltt-lokal', 'languageCode': 'de'}",,,,True,,
ChIJGc1zQVH7mUcRN5mp480Ucdg,"{'text': 'Ada Bäckerei', 'languageCode': 'de'}","{'wheelchairAccessibleParking': False, 'wheelchairAccessibleEntrance': False}",,,,,
ChIJAdkuDNL6mUcR8YG0xyKK28I,"{'text': 'Zum Alten Fritz', 'languageCode': 'de'}","{'wheelchairAccessibleParking': False, 'wheelchairAccessibleEntrance': False}",,True,True,False,
ChIJeSRAvtH6mUcR1bt6Z3zWe-o,"{'text': 'Padeffke - the coffeehouse', 'languageCode': 'en'}","{'wheelchairAccessibleParking': False, 'wheelchairAccessibleEntrance': False}",,,,,
ChIJ79fGDM_6mUcRfNTVVsNVXco,"{'text': 'Gaststätte „Herzog Ulrich“', 'languageCode': 'de'}",{'wheelchairAccessibleEntrance': False},,True,True,False,True
ChIJx774JR_7mUcR3_uhwg9KT_c,"{'text': 'Restaurant Hölderlinturm', 'languageCode': 'de'}","{'wheelchairAccessibleParking': False, 'wheelchairAccessibleEntrance': True, 'wheelchairAccessibleRestroom': False, 'wheelchairAccessibleSeating': True}",True,True,True,False,True
ChIJMTjKcn_7mUcRN2rN8A4_YZc,"{'text': 'Gardens Tübingen', 'languageCode': 'de'}","{'wheelchairAccessibleEntrance': True, 'wheelchairAccessibleSeating': True}",,True,True,False,
ChIJP2j5YRb7mUcRvlrJted0Q_c,"{'text': 'Miko Döner', 'languageCode': 'de'}",,,True,True,False,
ChIJNzGjDMj6mUcRtAM9feNOR_o,"{'text': 'Bien Asien', 'languageCode': 'en'}","{'wheelchairAccessibleParking': True, 'wheelchairAccessibleEntrance': True, 'wheelchairAccessibleSeating': True}",,True,,False,False
ChIJgbc7VAD7mUcRFK-2BDoQmI8,"{'text': 'Emanuel Gastronomy', 'languageCode': 'de'}",,,True,,False,False
ChIJ1YL7FMj6mUcRusMCXLdm5JI,"{'text': 'Fischfeinkost Lauriolas', 'languageCode': 'de'}","{'wheelchairAccessibleParking': True, 'wheelchairAccessibleEntrance': True, 'wheelchairAccessibleSeating': True}",,True,,False,
ChIJRZ6stsn6mUcR9Xazz9KPi4Y,"{'text': 'Kaplan Döner Kebap House', 'languageCode': 'de'}","{'wheelchairAccessibleParking': True, 'wheelchairAccessibleEntrance': True, 'wheelchairAccessibleSeating': True}",,True,True,False,False
ChIJS8J6Dsj6mUcRlc-zXwH1D-M,"{'text': 'Udo-Snack', 'languageCode': 'de'}","{'wheelchairAccessibleParking': True, 'wheelchairAccessibleEntrance': True, 'wheelchairAccessibleSeating': True}",,True,True,False,False
ChIJ6RNQF8j6mUcRi320am8XSNQ,"{'text': ""McDonald's"", 'languageCode': 'de'}","{'wheelchairAccessibleParking': False, 'wheelchairAccessibleEntrance': False, 'wheelchairAccessibleRestroom': False, 'wheelchairAccessibleSeating': False}",,True,True,,True
ChIJa8lCtLP6mUcRDmCYosD7Ozk,"{'text': 'JAPENGO', 'languageCode': 'de'}","{'wheelchairAccessibleParking': True, 'wheelchairAccessibleEntrance': True, 'wheelchairAccessibleRestroom': True, 'wheelchairAccessibleSeating': True}",,True,True,False,True
ChIJz36Zt7r7mUcRFRTWt7AqvHM,"{'text': 'An An', 'languageCode': 'de'}","{'wheelchairAccessibleEntrance': True, 'wheelchairAccessibleSeating': True}",,True,True,False,
ChIJE5A7XwD7mUcRo1kHbllmqWs,"{'text': 'Venezia', 'languageCode': 'de'}",,,,,,
ChIJ688m6Q77mUcRgGyaJljddKs,"{'text': 'Grill California', 'languageCode': 'en'}",,,True,,False,
ChIJS2PzG4n7mUcRkLDEHydEi_0,"{'text': ""Abhi's Lieferservice"", 'languageCode': 'en'}",,,True,,,
ChIJcxCnJsHxmUcRytI8wyoNivk,"{'text': 'Kreis Pizza & Kebap Haus Kusterdingen', 'languageCode': 'de'}","{'wheelchairAccessibleParking': True, 'wheelchairAccessibleEntrance': True, 'wheelchairAccessibleSeating': True}",,True,True,False,False
ChIJw_pHyuHvmUcRk7YxCvcKsuY,"{'text': 'Im Höfle', 'languageCode': 'de'}","{'wheelchairAccessibleParking': True, 'wheelchairAccessibleEntrance': True, 'wheelchairAccessibleRestroom': True, 'wheelchairAccessibleSeating': True}",True,True,True,False,True
ChIJFT2wv8DvmUcRCZn_Fe_ieMA,"{'text': 'Etna Ristorante', 'languageCode': 'en'}","{'wheelchairAccessibleParking': False, 'wheelchairAccessibleEntrance': False, 'wheelchairAccessibleRestroom': False, 'wheelchairAccessibleSeating': False}",True,True,True,False,
ChIJqyQigITvmUcRH53hnYXytbw,"{'text': 'Taj Tandoori', 'languageCode': 'en'}",,,,,,
ChIJ__8LtM78mUcRcAT-4qM_S-w,"{'text': 'Pfäffinger Pizza & Kebap Haus', 'languageCode': 'de'}","{'wheelchairAccessibleEntrance': False, 'wheelchairAccessibleSeating': True}",True,True,True,False,True
ChIJSzCy1M38mUcRVWSmSvdyhrM,"{'text': 'Pizzeria da Roberto', 'languageCode': 'de'}","{'wheelchairAccessibleParking': True, 'wheelchairAccessibleSeating': True}",True,True,True,,True
ChIJYaIpZrT8mUcR_skNcYIxOvE,"{'text': 'Hotel LAMM - Restaurant & Spezialitäten-Brennerei Volker Theurer', 'languageCode': 'de'}",{'wheelchairAccessibleParking': True},,True,,,
ChIJJwv_GjX7mUcRBqUKy2UwLVo,"{'text': 'Hotel Restaurant Kreuzberg', 'languageCode': 'de'}","{'wheelchairAccessibleParking': True, 'wheelchairAccessibleEntrance': True, 'wheelchairAccessibleSeating': True}",True,True,True,False,True
ChIJjX6b37j7mUcR76qIt43y1mY,"{'text': 'EAT HAPPY', 'languageCode': 'de'}",{'wheelchairAccessibleEntrance': True},,,,False,
ChIJe9Db17D7mUcRlW40zvrs5Jc,"{'text': 'Tetova Bar pavillon', 'languageCode': 'de'}","{'wheelchairAccessibleEntrance': True, 'wheelchairAccessibleSeating': True}",,False,True,True,
ChIJP_9lmxz7mUcRelv5YnPMnH8,"{'text': ""Domino's Pizza Tübingen Nord"", 'languageCode': 'de'}",,,,,False,False
ChIJsdMa-Mv5mUcRXIWM1xoh7OU,"{'text': 'PizzA.K Tübingen', 'languageCode': 'de'}",,,True,,,
ChIJ2RLhhi37mUcR3Ib6lzocwd4,"{'text': 'Bakery Gehr bakery', 'languageCode': 'en'}","{'wheelchairAccessibleParking': True, 'wheelchairAccessibleEntrance': True}",,,,,
ChIJS-F3I9v7mUcR3LEzf9zMT3Q,"{'text': 'Taverne Olive', 'languageCode': 'de'}","{'wheelchairAccessibleParking': False, 'wheelchairAccessibleEntrance': False, 'wheelchairAccessibleSeating': True}",True,True,True,False,
ChIJm7waYdT6mUcRxPFyE982gE0,"{'text': 'Veggi', 'languageCode': 'de'}","{'wheelchairAccessibleParking': False, 'wheelchairAccessibleEntrance': False}",True,True,True,False,False
ChIJbxg5UNT6mUcRY_RPFW_mgjg,"{'text': 'Restaurant Krumme Brücke', 'languageCode': 'de'}","{'wheelchairAccessibleParking': False, 'wheelchairAccessibleEntrance': True, 'wheelchairAccessibleRestroom': False, 'wheelchairAccessibleSeating': True}",True,True,True,False,True
ChIJk3Y4aNT6mUcR2EM9uIhX7jA,"{'text': 'Alte Kunst', 'languageCode': 'de'}",{'wheelchairAccessibleParking': False},True,True,True,False,False
ChIJx9bystX6mUcR8SrlfjLmxGQ,"{'text': 'Gaststätte Storchen', 'languageCode': 'en'}","{'wheelchairAccessibleParking': False, 'wheelchairAccessibleEntrance': False}",,,True,False,
ChIJKaszZ9T6mUcR8N35L-N12yE,"{'text': 'Gaststätte X', 'languageCode': 'de'}","{'wheelchairAccessibleParking': False, 'wheelchairAccessibleEntrance': True, 'wheelchairAccessibleRestroom': False}",,True,True,False,False
ChIJ9UfZazf7mUcRkr_CR2lfeCs,"{'text': 'Ivan Imbiss', 'languageCode': 'de'}",,,True,,False,False
ChIJvRZrMCv7mUcRVFhflbgx6fU,"{'text': 'China-Thai-Wok', 'languageCode': 'de'}","{'wheelchairAccessibleEntrance': False, 'wheelchairAccessibleRestroom': False, 'wheelchairAccessibleSeating': False}",,True,True,False,False
ChIJvXdF6ir7mUcRN0DV2i7M_6A,"{'text': 'Kapadokya Döner', 'languageCode': 'de'}","{'wheelchairAccessibleRestroom': False, 'wheelchairAccessibleSeating': False}",,True,True,False,False
ChIJR-qD39T6mUcR-BZbH4SLbmk,"{'text': 'Laf Laf', 'languageCode': 'de'}",{'wheelchairAccessibleEntrance': True},,True,True,,True
ChIJc-huVdT6mUcR81h3AxKXJVw,"{'text': 'Gasthaus Bären', 'languageCode': 'de'}","{'wheelchairAccessibleParking': False, 'wheelchairAccessibleEntrance': False, 'wheelchairAccessibleRestroom': False, 'wheelchairAccessibleSeating': True}",,False,True,False,False
ChIJAX3cZNT6mUcRZt1F8PcjdsQ,"{'text': 'Cafe Im Hirsch', 'languageCode': 'en'}","{'wheelchairAccessibleParking': False, 'wheelchairAccessibleEntrance': False}",True,True,True,False,
ChIJkcyzhNP6mUcRtktmko5aqu4,"{'text': 'Collegium', 'languageCode': 'de'}","{'wheelchairAccessibleParking': False, 'wheelchairAccessibleEntrance': False, 'wheelchairAccessibleRestroom': False, 'wheelchairAccessibleSeating': True}",True,True,True,False,
ChIJRzFgy-PlmUcRzLsMfKylwKU,"{'text': 'Veggie Box', 'languageCode': 'de'}",,,True,,False,
ChIJ-cNv8NL6mUcRHISbWYKIM3s,"{'text': 'café bar centrale tübingen', 'languageCode': 'de'}",,True,,True,False,False
ChIJ8dHXli3lmUcRbSsbGrUNotc,"{'text': 'Saints & Scholars Tübingen', 'languageCode': 'de'}","{'wheelchairAccessibleParking': True, 'wheelchairAccessibleEntrance': True, 'wheelchairAccessibleRestroom': True, 'wheelchairAccessibleSeating': True}",True,,True,True,False
ChIJg0VvmC3lmUcRIg_4wHp7_as,"{'text': 'Uni-Café-Ristorante Unckel', 'languageCode': 'de'}","{'wheelchairAccessibleParking': False, 'wheelchairAccessibleEntrance': False, 'wheelchairAccessibleRestroom': False, 'wheelchairAccessibleSeating': True}",,True,True,False,False
ChIJjV18-gf7mUcR8beCFXcUfCg,"{'text': ""Salam's Burger"", 'languageCode': 'de'}",{'wheelchairAccessibleParking': False},,True,True,False,False
ChIJ5bNxBdP6mUcRoihNgmDzZl4,"{'text': 'Esszimmer', 'languageCode': 'de'}","{'wheelchairAccessibleParking': False, 'wheelchairAccessibleEntrance': False, 'wheelchairAccessibleRestroom': False, 'wheelchairAccessibleSeating': False}",,True,True,False,False
ChIJr9SsptT6mUcR9NExCd4X4cg,"{'text': 'El Pecado', 'languageCode': 'en'}","{'wheelchairAccessibleParking': False, 'wheelchairAccessibleEntrance': False, 'wheelchairAccessibleSeating': False}",True,True,True,False,
ChIJje5bKfDlmUcRC8fNgelZCOk,"{'text': 'Uni Kebap Tübingen', 'languageCode': 'de'}",,,True,True,,
ChIJYR6MeNP6mUcRX0PfqXYXqks,"{'text': 'Kichererbse', 'languageCode': 'de'}","{'wheelchairAccessibleParking': False, 'wheelchairAccessibleEntrance': False, 'wheelchairAccessibleRestroom': False, 'wheelchairAccessibleSeating': False}",,True,,False,False
ChIJR8C-q9P6mUcR7L75i-22ZJA,"{'text': 'Salam Box', 'languageCode': 'de'}","{'wheelchairAccessibleEntrance': True, 'wheelchairAccessibleSeating': True}",,True,,False,False
ChIJpTQs8kf7mUcRu0kj6vnrsKY,"{'text': 'Asia-Imbiss Wok-In', 'languageCode': 'de'}","{'wheelchairAccessibleParking': False, 'wheelchairAccessibleEntrance': False}",,True,True,False,False
ChIJ74HsYgD7mUcRX5dxelNMtJc,"{'text': 'short stories', 'languageCode': 'de'}",,,,True,False,
ChIJzSXehNP6mUcR1zxxeaopBXM,"{'text': ""Hao's Box"", 'languageCode': 'de'}",{'wheelchairAccessibleEntrance': True},,,,False,False
ChIJ8WhdiDT7mUcRJ77WT23aNh8,"{'text': 'Köstlich Vegan', 'languageCode': 'de'}",{'wheelchairAccessibleParking': False},,True,,False,False
ChIJwy8qMhn7mUcRFbNaz1fkoPs,"{'text': 'ChiJa Wok&Sushi', 'languageCode': 'zh'}",,,,True,False,
ChIJi3I7G8PlmUcR4f3Tw7jgSA4,"{'text': 'DIDA BOX', 'languageCode': 'de'}",,,True,True,False,
ChIJOUVdyDHlmUcR3Z4LJET3hjE,"{'text': 'Cafe Lieb Bäckerei, Konditorei', 'languageCode': 'de'}","{'wheelchairAccessibleParking': True, 'wheelchairAccessibleEntrance': True}",,,,,
ChIJY5aK-HzlmUcRE2DDREeXjFs,"{'text': 'Restaurant Meteora', 'languageCode': 'de'}",{'wheelchairAccessibleParking': True},True,True,True,False,True
ChIJFbyBpqzlmUcRsrS4bNxZiQQ,"{'text': 'Nachbarskind', 'languageCode': 'en'}",,,True,True,True,
ChIJM6uNUkjlmUcRMfZcvy5-RZQ,"{'text': 'Ristorante Basilikum', 'languageCode': 'de'}","{'wheelchairAccessibleParking': False, 'wheelchairAccessibleRestroom': False, 'wheelchairAccessibleSeating': False}",,,True,False,False
ChIJP0jxB6TlmUcRf1HFfU3YNGY,"{'text': 'Kohenoor - Indisches Restaurant', 'languageCode': 'en'}",,,True,True,False,
ChIJ3aQPnUnlmUcRzkmnkC2_IH4,"{'text': 'Lustnauer Mühle', 'languageCode': 'de'}","{'wheelchairAccessibleEntrance': False, 'wheelchairAccessibleRestroom': False}",True,True,True,False,
ChIJoUYu3kzlmUcRvZlFPGwwndg,"{'text': 'Ristorante Riva', 'languageCode': 'de'}","{'wheelchairAccessibleParking': True, 'wheelchairAccessibleEntrance': True, 'wheelchairAccessibleSeating': True}",True,True,True,False,True
ChIJC-BPdEnlmUcRej3fAMmVk7s,"{'text': 'Restaurant Rose', 'languageCode': 'de'}",{'wheelchairAccessibleEntrance': True},,True,,,True
ChIJ7QTcxknlmUcRG-l-4dpdfps,"{'text': 'Pizzeria Da Giovanni', 'languageCode': 'de'}","{'wheelchairAccessibleParking': False, 'wheelchairAccessibleEntrance': False}",,True,,False,
ChIJXVULY07lmUcR5Hc68-T4sE8,"{'text': 'Gaststätte Waldhorn', 'languageCode': 'de'}","{'wheelchairAccessibleParking': True, 'wheelchairAccessibleEntrance': True, 'wheelchairAccessibleSeating': True}",True,True,True,False,True
ChIJmb0peSr7mUcRO0zCHnvboT0,"{'text': 'Samphat Thai', 'languageCode': 'de'}","{'wheelchairAccessibleEntrance': False, 'wheelchairAccessibleSeating': True}",,False,True,False,False
ChIJEUaSPwr7mUcRAfhBvves8XM,"{'text': 'Crêpes Bretonnes', 'languageCode': 'de'}",,,True,,False,
ChIJ-5bKf3XlmUcRwRfmsVBct1g,"{'text': 'Bocciabahn Tübingen - Juegos de Bochas', 'languageCode': 'en'}","{'wheelchairAccessibleEntrance': True, 'wheelchairAccessibleSeating': True}",True,True,True,,
ChIJhXygP6rlmUcRRwcCYXLOVHg,"{'text': 'Café Ape eXpressi eXotica', 'languageCode': 'de'}","{'wheelchairAccessibleParking': True, 'wheelchairAccessibleEntrance': True, 'wheelchairAccessibleRestroom': True, 'wheelchairAccessibleSeating': True}",,,,,
ChIJb87QMvvvmUcRYdeqUzszdvw,"{'text': 'Sportheimgaststätte Kusterdingen', 'languageCode': 'de'}","{'wheelchairAccessibleParking': True, 'wheelchairAccessibleEntrance': False, 'wheelchairAccessibleSeating': True}",True,True,True,True,True
ChIJD8cLouHvmUcRxuWsiRy5vaQ,"{'text': 'Stern Kebap', 'languageCode': 'en'}","{'wheelchairAccessibleParking': True, 'wheelchairAccessibleEntrance': True, 'wheelchairAccessibleSeating': True}",,True,True,False,False
ChIJmeaTGqbkmUcRYlcjcAJ-MPw,"{'text': 'Gaststätte im Abseits', 'languageCode': 'de'}","{'wheelchairAccessibleParking': True, 'wheelchairAccessibleEntrance': True, 'wheelchairAccessibleSeating': True}",True,True,True,,True
ChIJ40zo7rjkmUcRCDvZLgXSLhQ,"{'text': 'Hofgut Rosenau', 'languageCode': 'de'}","{'wheelchairAccessibleParking': True, 'wheelchairAccessibleEntrance': True, 'wheelchairAccessibleRestroom': True, 'wheelchairAccessibleSeating': True}",True,True,True,False,
ChIJ7Xg1psXkmUcRV6_twhzPxrw,"{'text': 'mensa infopoint', 'languageCode': 'en'}",{'wheelchairAccessibleParking': True},,,,,
ChIJu9cZ7YvlmUcRRPS7OxAUI6k,"{'text': 'Spicetripping Foodtruck', 'languageCode': 'de'}",,,True,,False,
ChIJR5q2bpTlmUcR1piHipJGNR0,"{'text': 'Faros - eine Ouzo Philosophie', 'languageCode': 'de'}","{'wheelchairAccessibleParking': True, 'wheelchairAccessibleEntrance': True, 'wheelchairAccessibleRestroom': True, 'wheelchairAccessibleSeating': True}",,True,True,False,
ChIJS41IiCblmUcRPdcnWt4Nixg,"{'text': 'Max-Planck-Haus', 'languageCode': 'de'}","{'wheelchairAccessibleParking': True, 'wheelchairAccessibleEntrance': True, 'wheelchairAccessibleRestroom': True, 'wheelchairAccessibleSeating': True}",,,True,False,False
ChIJG0vPRLPlmUcRoKUqhj2hJD0,"{'text': 'Yellow Donkey - Greek Cantine', 'languageCode': 'en'}",{'wheelchairAccessibleEntrance': True},,True,,,
ChIJ1af7iUjlmUcR8WaWMmlD4oY,"{'text': 'Café/Bistro Backstein', 'languageCode': 'de'}","{'wheelchairAccessibleParking': True, 'wheelchairAccessibleEntrance': True, 'wheelchairAccessibleRestroom': True, 'wheelchairAccessibleSeating': True}",True,True,True,,
ChIJXfSTCkjlmUcRcqn42kwRveI,"{'text': 'Roma Pizza Service', 'languageCode': 'en'}",,,,,,
ChIJ6aEkk_7lmUcRCLa65OvMH-M,"{'text': 'Liki Burger', 'languageCode': 'de'}",,,True,True,,
ChIJX1SOPxnlmUcRTx2RPioMClc,"{'text': 'Lustnauer Imbiss', 'languageCode': 'de'}","{'wheelchairAccessibleEntrance': False, 'wheelchairAccessibleSeating': False}",,True,True,False,False
ChIJ_VpZalvlmUcRoBsbqcaz3S4,"{'text': 'Bella Vista', 'languageCode': 'de'}","{'wheelchairAccessibleParking': True, 'wheelchairAccessibleEntrance': True, 'wheelchairAccessibleSeating': True}",True,True,True,False,
ChIJrUyJiKPkmUcRHFmBOZZcK7E,"{'text': 'Gaststätte Grüner Baum', 'languageCode': 'de'}","{'wheelchairAccessibleParking': False, 'wheelchairAccessibleEntrance': False, 'wheelchairAccessibleSeating': False}",True,True,True,False,True
ChIJ7T7QTNzkmUcR9Ztys8-kztw,"{'text': 'CAFÉ KUNSTHALLE TÜBINGEN', 'languageCode': 'de'}","{'wheelchairAccessibleEntrance': True, 'wheelchairAccessibleSeating': True}",True,True,True,False,False
ChIJJz8pQ-DkmUcRrJp3p-gAar4,"{'text': 'Landgasthaus Waldhäuser Hof', 'languageCode': 'de'}","{'wheelchairAccessibleParking': True, 'wheelchairAccessibleEntrance': False, 'wheelchairAccessibleSeating': True}",True,True,True,False,True
ChIJz5Y6At3kmUcR2tnooD8-CDs,"{'text': 'Bella Roma + Lieferservice', 'languageCode': 'de'}","{'wheelchairAccessibleParking': True, 'wheelchairAccessibleEntrance': True, 'wheelchairAccessibleSeating': True}",True,True,True,False,True
ChIJH48DT9zkmUcRKhveGoFGiyc,"{'text': 'Morra Imbiss', 'languageCode': 'en'}",{'wheelchairAccessibleParking': True},,True,,False,False
ChIJbdl5MlblmUcRah5QRIPAcOE,"{'text': 'City Treff libanesischer Imbiss -Café - Bar', 'languageCode': 'de'}","{'wheelchairAccessibleParking': True, 'wheelchairAccessibleEntrance': True, 'wheelchairAccessibleSeating': True}",,True,True,True,False
ChIJtTclK-DkmUcRPwa7adA9-xs,"{'text': 'Sumalee Thai Imbiss', 'languageCode': 'de'}","{'wheelchairAccessibleParking': True, 'wheelchairAccessibleEntrance': True, 'wheelchairAccessibleSeating': True}",,,,False,False
ChIJcUF03eHkmUcRCZQIbEG1YXw,"{'text': 'Restaurant Reithaus', 'languageCode': 'en'}",{'wheelchairAccessibleEntrance': False},,True,True,False,
ChIJq0RPM-RmCUERF0gX2wQVdg4,"{'text': 'Waldgaststätte Goldersbachklause', 'languageCode': 'de'}",{'wheelchairAccessibleEntrance': False},,True,True,False,
ChIJy30wJWLlmUcRGJ40nGv8D-0,"{'text': 'Zum Albblick - Pfrondorf', 'languageCode': 'en'}","{'wheelchairAccessibleParking': True, 'wheelchairAccessibleEntrance': True, 'wheelchairAccessibleSeating': True}",True,True,True,False,True
ChIJm1H70o3vmUcR0WZwseUvxp0,"{'text': 'Wanderheim Rauhalde', 'languageCode': 'en'}",{'wheelchairAccessibleEntrance': False},,True,True,False,False
ChIJwecUc47vmUcRBM6a6MMKtiU,"{'text': 'RAOUL RISTORANTE PIZZERIA', 'languageCode': 'en'}","{'wheelchairAccessibleParking': True, 'wheelchairAccessibleEntrance': True, 'wheelchairAccessibleRestroom': True, 'wheelchairAccessibleSeating': True}",True,True,True,,True
ChIJA_FmRxnjmUcRHn4gWdhC3LM,"{'text': 'Entringen Regenbogen Imbiss', 'languageCode': 'de'}","{'wheelchairAccessibleParking': True, 'wheelchairAccessibleEntrance': True, 'wheelchairAccessibleRestroom': False, 'wheelchairAccessibleSeating': True}",,True,True,False,False
ChIJw5-ZOBnjmUcRPyT8yovYOpc,"{'text': 'Restaurant & Ferienwohnung Ägäis', 'languageCode': 'de'}","{'wheelchairAccessibleEntrance': False, 'wheelchairAccessibleRestroom': True, 'wheelchairAccessibleSeating': False}",True,True,True,False,True
ChIJzfpylmvjmUcRIKcqixozE10,"{'text': 'Schloss Hohenentringen', 'languageCode': 'de'}","{'wheelchairAccessibleParking': True, 'wheelchairAccessibleEntrance': False, 'wheelchairAccessibleRestroom': False, 'wheelchairAccessibleSeating': True}",True,True,True,False,True
ChIJRdMzCwDjmUcR2BT6lcz4jAU,"{'text': 'Biergarten Schloss Hohenentringen', 'languageCode': 'de'}",,,,,,
ChIJu799TxbjmUcRwZMZGgSPayc,"{'text': 'Alfred Bauer GmbH', 'languageCode': 'de'}","{'wheelchairAccessibleParking': True, 'wheelchairAccessibleSeating': True}",,,True,,
ChIJO3k_Gf7kmUcRw8DOOAJfBak,"{'text': 'Landhotel Hirsch', 'languageCode': 'de'}","{'wheelchairAccessibleParking': True, 'wheelchairAccessibleSeating': True}",True,False,True,False,
ChIJQ90LhXzlmUcRM2dWhyTtXAg,"{'text': 'Ginger & Fred - Café und Kultur', 'languageCode': 'de'}",{'wheelchairAccessibleSeating': True},,True,True,False,False
ChIJa8lCtLP6mUcREkdw8YsXSY0,"{'text': 'Rainbow Dance Factory', 'languageCode': 'de'}",,,True,,,
ChIJ568fclxmCUER3Io5Wo4bDyc,"{'text': 'Sportheim TGV Entringen', 'languageCode': 'de'}",{'wheelchairAccessibleEntrance': True},True,True,True,True,
ChIJGUEaZwDjmUcRdEBXQx5TF-8,"{'text': 'Sportheim Mobil', 'languageCode': 'de'}",,,,,,
ChIJOXu42gHlmUcRGqtWRyGEimY,"{'text': 'Schranners Waldhorn', 'languageCode': 'de'}",,,,True,False,False
